hospital,comment_th,comment_eng,score
Siriraj,รพ.ศิริราช คุณหมอและพยาบาลน่ารักมากค่ะ ให้คำแนะนำเกี่ยวกับฌรคดีมาก พาลูกไปตรวจตามนัดคุณหมอให้คำอธิบายดีทุกครั้ง ขั้นตอนการตรวจไม่ยุ่งยากห้องรับยาแยกเป็นสัดส่วน เจ้าหน้าที่ห้องยาให้คำอธิบายยาดี ถึงแม้เวลาเดินทางไป รพ.จะไกลแต่ก็ไม่เหนื่อยค่ะกลับมาสบายใจทุกครั้งคุณหมออธิบายแนวทางการรักษาดีมากไม่ต้องกังวลเรื่องโรค,"Hospital and doctor at Siriraj Hospital cute. Advise you about the many lawsuits. Take their children to the doctor for follow-up explanation every time. The process hassle-free rooms, separate drugs. Officer drug description drug. Although time travel Hospital is far away, but not too tired to worry every time your doctor to explain the treatment very well, do not worry about the disease.",5
Siriraj,"พาคุณย่าไปรักษาโรคมะเร็ง บริการดี รวดเร็วเป็นกันเอง น่ารักมากเลยค่ะ จากคุณย่าหมอ
บอกเป็นมะเร็งเต้านมระยะสุดท้ายอยู่ได้อีกไม่นานต้องนอนติดเตียงร้องเจ็บตลอดบอกทรมาร พาย่าไปให้คีโม พาไปรักษาหมอให้ยามาทานเรื่อยๆ จนตอนนี้ย่าดีขึ้นเรื่อยๆแล้วค่ะ จากที่เป็นตอนนั้นตอนนี้ผ่านมา2ปีแล้วค่ะ ย่าแข็งแรง เดินได้ กินได้ปกติจนถึงวันนี้เลย เพราะมีหมอและการให้บริการที่ดีจากทางโรงพยาบาล","Her grandmother to cancer treatment, good service, fast friendly service. Love it from her grandmother.
Said breast cancer last term is not long to sleep next to my bed crying and told him tortured. Papaya to chemo Doctors to treat patients to eat more. Until now, the Gran better then. It is now the past two years, Kayah strength to walk, eat normally until today. Because doctors and provide better services from the hospital.",5
Siriraj,"พาคุณแม่ไปคลินิกนอกเวลา สูตินรีเวช ขั้นตอนคือ ทำบัตร รพ สามารถทำออนไลน์ หรือไปทำที่ตึกopdชั้น 1 จากนั้น เมื่อได้HN โทรไปนัดที่คลินิกนอกเวลา แจ้งชื่อ HN ระบุวันเวลา ระบุชื่อแพทย์หรือไม่ก็ได้ เจ้าหน้าที่รับนัดให้ข้อมูลได้ดี ละเอียด โทรติดง่ายไม่ยากค่ะ
เมื่อถึงวันนัด มาถึงก่อนอย่างน้อย ครึ่งชั่วโมง -1 ชั่วโมง คนไข้ค่อยข้างเยอะค่ะ รออย่างน้อย 1-2 ชั่วโมง
ประทับใจคุณหมอ คุณพยาบาล เจ้าหน้าที่ทุกท่าน คบินิกสูตินรีเวช นอกเวลา บริการดีมากๆ","Take your mom to clinics outside the hospital obstetric procedures is the card can be made online. Or to the building opd layer 1, then had to HN appointment at a clinic outside of the name HN date, time, name of the doctor or not. Staff provide better resolution calling easy, not hard.
By date Arrive at least half an hour -1 hour outpatient pretty much have to wait at least 1-2 hours.
Impress your doctor, nursing staff, all of you. The big new obstetric service time is very good.",5
Siriraj,หน่วยจิตเวชศาสตร์ให้การดูแลผู้ป่วยที่มีปัญหาด้านอารมณ์ จิตใจ บรรยากาศภายในแผนกค่อนข้างสบายตา เจ้าหน้าที่ แพทย์ พยาบาล เป็นกันเอง การรับบริการอาจจะไม่ได้เร็วเท่าโรงพยาบาลเอกชนแต่ก็ไม่ได้ช้ามาก ไม่ต้องรีบมารับคิวหมอตั้งแต่เช้ามืด มีระบบนัดคิวผู้ป่วย  มีบริการรับยาแยกออกมาจากผู้ป่วยนอกแผนกอื่นๆ ยกเว้นหลัง 16.00 น.ที่ต้องลงไปรับยาที่ห้องยาชั้น 1 การไปหาครั้งแรกบางครั้งถ้าคนไข้เยอะมากเป็นพิเศษอาจเป็นการทำนัดเพื่อมาในครั้งต่อไปแทน ( แต่เราไปก็ได้ตรวจเลย ) ค่าบริการการให้คำปรึกษา ( ง่ายๆ คือ ค่าหมอ) สำหรับผู้ป่วยใหม่ ไม่นับรวมค่ายา ไม่เกิน 30 นาที 600฿ ครั้งต่อไป 300฿ เราพบหมอเกิน 30 นาทีหลายครั้งมากตั้งแต่ครั้งแรก ก็ได้ราคานี้ หมอใจดี สิทธิ์ก็ตามปกติทั้งจ่ายเอง ข้าราชการ บัตรทอง ประกันสังคม แล้วแต่คน ที่นี่เป็นโรงเรียนแพทย์ ดังนั้น แพทย์จะหมุนเวียนตลอด แต่ก็จะมีอาจารย์แพทย์ประจำ แพทย์ที่หมุนเวียนไม่ใช่นักศึกษาแพทย์ แต่เป็นแพทย์ที่เรียนเฉพาะทาง ก็คือ จิตแพทย์นั่นแหละ ที่นี่ปกติแล้วส่วนใหญ่ถ้าจะมีการแอดมิดคนไข้ก็จะส่งต่อไปที่สถาบันกัลยาฯ นอกจากนี้ยังการทดสอบต่างๆ เช่น การทดสอบไอคิว หรือมีการให้คำปรึกษา การทำจิตบำบัด การเข้ากลุ่ม โดย นักจิตวิทยาคลินิก ด้วย,"Psychiatry Unit provides care to patients with mental or emotional problems within the department rather comfortable atmosphere, friendly staff, doctors, nurses, service may not be as fast as a private hospital, but was very slow. You do not need to queue since dawn. Q. I have a patient Available drugs separated from the outpatient department, except after 16:00. The need to take medications at drug class 1 for the first time if the patient is very special could be to make an appointment to come in. the next time instead (but we have to check all) services counseling (one is the doctor) for new patients. Excluding the drug within 30 minutes 600 ฿ next 300 ฿ We found a doctor within 30 minutes several times since the first time this doctor going to be a regular in paying their official gold card, social security, but the people here are the school. the medical doctors are circulating throughout He is a faculty physician. Physicians, medical students, non-current But a doctor who specialized classes is that psychiatrists. Here, then, if the patient is submerged Atwood was forwarded to the institution's Belle. Also, tests such as IQ tests. Or counseling The group psychotherapy by a clinical psychologist as well.",5
Siriraj,ให้การรักษาดี รวดเร็ว มีนักศึกษาแพทย์มาร่วมวินิจฉัยด้วย เนื่องจากข้อมือหลุดจากการเล่นบาส แล้วล้ม การรักษาไม่ได้ถึงกับผ่าดัด รักษาโดยการเอาตุ้มน้ำหนักมาถ่วงที่ข้อศอกเพื่อให้มันยืดออก แล้วจัดข้อต่อให้เข้าที่ ฉีดยาแก้อักเสบ และเข้าเผือกไว้ อีก1เดือนก็มาเอาเผือกแข้งออก มาดอาการ พอหมอเห็นว่าอาการดีขึ้นก็เปลี่ยนมาเป็นเผือกออ่อน,"To maintain a rapid diagnostic medical students to join as well. The wrist break from playing basketball, then fell to treat not to bend the fabric. Keeping weight by removing weight from the elbow to make it stretch out. Then the joints in place. Inflammatory injection And the Taro 1 month was taken out of the tibia fractures have enough doctors to see if the symptoms improve, changed to the white light.",5
Siriraj,ที่นี่บริการดีมากเลยครับ คนเยอะแค่ไหนเจ้าหน้าที่ก็ทำงานเต็มที่ไม่มีอาการแสดงสีหน้าไม่พอใจให้เห็นเลยครับ เคยพาเพื่อนไปตรวจแล้วเราหาตึกผู้ป่วยไม่เจอ เจ้าหน้าที่ก็พาเราไปถึงที่เลยครับ ต้องรอคิวนานเนื่องจากคนเยอะ แต่เจ้าหน้าที่บริการดีมากเลยครับ สิ่งอำนวยความสะดวกก็มีพร้อมให้บริการคนไข้ โดยรวมแล้วถือว่าพอใจมากเลยครับ #ขอบคุณที่รพ.ให้การดีๆแบบนี้นะครับ,"This service is very good. How crowded the staff was fully asymptomatic facial expressions are not happy to see me. We always take a friend to check the building for patients who did not. Authorities took us to reach it. Waiting time because a lot of people. The service staff is very good. Facilities are also available to patients. Overall, it is very satisfying. # Thanks to the hospital for this great post.",5
Siriraj,เรารักษาที่นี้ครั้งแรกด้วยอาการซึมเศร้า พยาบาลยิ้ม น่ารัก พูดเพราะทุกๆคนเลย เขาไม่แสดงออกเลยว่าหงุดหงิด หรือรำคาญผู้ป่วยที่แสดงออกเสียงดัง หรือควบคุมไม่ได้ เราไม่รู้สึกว่าตัวเองเป็นคนแปลกแยก กลับมีเพื่อนคุยในเรื่องคล้ายๆกัน ระหว่างรอคุณหมอ คุณหมอทุกท่านใจดีมากๆเลย เภสัชก็น่ารัก เราเลือกไม่ผิดจริงๆที่รักษาที่นี้ เรารักศิริราชมากๆเลย,"We maintain that this is the first by the Depression nurse cute smile, because everyone says. He expressed frustration that Or bother patients exhibiting loud. Or uncontrollable We do not feel themselves to be alienated. I have friends in similar. While waiting for the doctor You all are very kind yet. Pharmacy Love We can not really treat it. We love you very much, Siriraj",5
Siriraj,บริการเยี่ยมรู้สึกปลอดภัยเมื่อเดินเข้าโรงพยาบาลนี้ ทั้งแพทย์พยาบาลทั้งเก่งและมีความสามารถ ทำให้ผมรู้สึงปลอดภัยและสบาบใจเมื่อเจอบุคลากรที่มีคุณภาพอย่างนี้ มีความประทับใจอย่างมากที่จะกลับไปใช้โรงพยาบาลศิริราชอีกครั้ง ขอบคุณที่คอยดูแลกันมาตลอด ขอบคุณจริงๆครับ หากมีโอกาศจะบอกต่อและใช้บริการอีกครับ  ให้5ดาวไปเลย,"Excellent service, felt safe when walking into this hospital. Both physicians and nurses skilled and talented. I know Sึg safe and Babri mind when I qualified for this. There are so impressed that they return to the hospital again. Thank you for taking care of each other. Thank you again If you have a chance to tell it again and take you 5 stars all.",5
Siriraj,เราเกิดที่ รพ นี้ค่ะ สมัยก่อนแม่บอกเราว่าคุณหมอและพยาบาลทุกคนที่นี่จัยดีดุแลดีไม่เลือกปฎิบัตร จนกับรวยค่ะ รักที่นี่ปัจจุบันเราไม่เคยรักษาตัวที่นี่เพราะเราแข็งแรงดีค่ะส่วนตัวเพราะที่นี่รักษารนรวยคนจนเท่ากันเพื่อประชาชนที่หาเช้ากินค่ำอย่างเราๆค่ะคุณหมอก็เก่งทุกคนค่ะแฟนเตยถุกรถชนแล้วรักษาที่ศิริราชอาการแฟนก่อน รพ.เอกชนที่นึงจะส่งต่อไปศิริราชบอกไห้เราทำไจไม่ไช่50-50แต่30-70เราร้องไห้จนจะเปนบ้าแต่ รพ.ศิริราชทำไห้เราได้แฟนกลับมาและปกติทุกอย่างขอบคุณจริงๆค่ะ,"I was born at the hospital now old mother told us that doctors and nurses are all here just good looks after not choose reconstruction card as the rich do love it here, we do not have treatment here because we are strong. it's because of this rich treat the poor as victims for the people who live from hand to mouth like us, you were a good doctor, I Tei everyone Tu car crash, then treat the symptoms Siriraj fans before. Hospital will send it privately to Siriraj say we probably do not the Giants 50-50, 30-70, but we would be crazy not to cry. Hospital Siriraj do the fans come back and we really appreciate everything normal.",5
Siriraj,"ประทับใจมากๆเลยครับผมเป็นโรคธาลัสซีเมียตั้งแต่กำเนิดและก็ได้รับเลือดที่โรงพยาบาลศิริราชจนผมได้รักษาปลูกถ่ายไขสันหลังทำให้ปมหายจากอาการผิดปกติที่เกิดขึ้นแต่เพราะโรคธาลัสซีเมียเป็นโรคที่ไม่หายขาดแต่โรงพยาบาลนี้ก็ทำให้ผมได้ใช้ชีวิตปกติแบบคนอื่นได้ครับ
ทั้งนี้แล้วสำหรับตอนนี้ผมยังคงต้องตรวจเลือดตลอดเวลาที่คุณหมอนัดเพื่อดูดีเอ็นเอและค่าต่างๆของร่างกายและยังต้องตรวจตาอีกด้วยซึ่งการตรวจทุกอย่างผมตรวจที่โรงพยาบาลศิริราชครับ","So impressed I am a Roma Katha thalassemia since birth and had blood on hospital until I was keeping transplanted spinal cord, causing the sinking of symptoms occurring, but because Roma Katha thalassemia. the disease is not cured, but this hospital is that I have a normal life like other people do.
However, for now I still have blood tests during your appointment to see the doctor and the DNA of the body and also to the eye with which I check all the hospital here.",5
Siriraj,คุณหมอ รวมถึงผู้ช่วยพยาบาลและบุคคลากรของโรงพยาบาลดูแลดีครับ ใช้คำพูดน่าฟังสุภาพเป็นกันเองต่อผู้ป่วย ตอนที่เกิดอาการหอบรีบไป โรงพยาบาล คุณหมอรีบเข้ามาดูอาการแล้วใช้เครื่องพ่นยาพ่นให้ ทำให้สบายขึ้นหายใจได้ดีขึ้น หลังจากพ่นยาก็ยังคอยดูแลอีกซักระยะจนหายดีคุณหมอจึงจ่ายยาให้กลับพักผ่อนที่บ้านได้ รวมๆแล้วโอเคกับโรงพยาบาลที่นี่ครับ,"Doctor and nurse and staff of the hospital care of it. Use words to listen to the patient, polite, friendly. The symptoms of asthma rushed to the hospital to see a doctor immediately, then use a spray inhaler. Easing up breathe better. After spraying also harms another term as your doctor has prescribed to heal back and relax at home. And then the hospital okay with that.",5
Siriraj,"เนื่องด้วยตัวเราเองป่วย และต้องรักษาตัวที่โรงพยาบาลศิริราช มาหลายปี การที่มาที่โรงพยาบาลนี้บ่อยๆทำให้สังเกตเห็นได้ว่า บุคคลากรที่นี่มีคุณภาพมากๆ ระดับดีเยี่ยมเลยจริงๆ ประทับใจตั้งแต่ พนักงานรักษาความปลอดภัย พนักงานเคลื่อนย้ายผู้ป่วย พยาบาล จนกระทั่งหมอ ประทับใจไปหมดทุกอย่างเลยจริงๆ วันนี้ตั้งใจเขียนกระทู้นี้ ให้กำลังใจทุกๆคนที่ทำงานในศิริราช
 พนักงานรักษาความปลอดภัย
เราสังเกตว่าเขาจะตรวจดูในอาคารด้วย เดินดูทั่วอาคารเลย ดูแลความปลอดภัยดีมาก เวลาจะข้ามถนน ที่นี่ คนเดินเท้าใหญ่กว่ารถ และรถเข็นคนไข้ ใหญ่ที่สุด คือถ้ามีรถเข็นจะข้ามปุ๊บ โบกให้รถยนต์จอดก่อนเสมอ
 พนักงานเคลื่อนย้ายผู้ป่วย
เป็นอีกหน่วยหนึ่งที่ปลื้มใจสุดๆเมื่อวานสดๆร้อนๆ เราเองต้องนั่งรถเข็น ฝนก็ตก เราเองจะไปจากตึกสยามมินไปโรงอาหาร ก็ให้แม่เข็นไปให้  พอ พี่พนักงานเห็น เขารีบเข้ามาถามว่า ไปไหนครับ เดี๋ยวผมเข็นให้ พอไปถึงหน้าโรงอาหารมันมีน้ำขังจากฝนตกอยู่ เราเห็นแล้วก็จะบอกว่า พี่ส่งตรงนี้ก็ได้คะ เดี๋ยวจะเดินไปเอง(ใช้ไม้เท้าเดิน) กำลังจะอ้าปากพูดเนี่ยแหละคะ ขาพี่แกก้าวลงน้ำมาแล้ว ทุ่มตัวสุดๆ (รู้สึกผิดในใจ) รองเท้าผ้าใบจมเกือบมิดเลยคะ มันต้องอับไปทั้งวันแน่ๆเลย พอถึงที่ เราก็ยกมือไหว้ขอบคุณ พี่พนักงานยกมือรับไหว้ บอกไม่เป็นอะไรครับ แต่รองเท้าพี่แก แฉะเลย ซึ้งใจมากๆ","Due to our own patient And to maintain the hospital for many years to come to this hospital so often noticed that. Staff here are very quality. Excellent, really since impression Security guard Hospital staff moved patients to the doctor for everything, really impressed. Today write this Encouraging everyone to work in Siriraj.
 Security guard
We noticed that he would check with the building. Walk around the building Security is very good Time to cross the road at a pedestrian bigger car. And wheelchair patients, is the largest, if a wheelchair to cross unexpectedly. Waving to cars parked first
 Employees transporting patients
One unit is extremely gratified when hot. We have our own wheelchair rain fell from the building to go to the cafeteria Siam Min. It's enough for us to see older employees. He quickly came to ask if I would like us to. As I reached the front of the cafeteria was filled with water from rain fall. We saw it would say. But this was not a straight forward I went to their (use a cane to walk) was going to open his mouth like me. The way he stepped into the water and then throw the other end (guilty mind) sneakers almost completely overwhelmed me. It must be confined to the day, certainly not enough to lift it, we pray to you. Staff greeting hands What is not said But my shoes were wet but very impressed.",5
Siriraj,"ไปพบคุณหมอที่ศิริราชแผนกจิตเวชเป็นคลินิกพิเศษนอกเวลา คุณหมอเก่งมากๆ พูดจาดี ใจดีมากๆ 
พยาบาลก็น่ารัก สอบถามเรื่องอะไรก็ตอบอย่างละเอียด ไม่เหวี่ยงไม่วีนเลยค่ะ
สถานที่ก็ดีค่ะ สะดวกสบาย ทางรพ.จัดได้เป็นระบบระเบียบ  สามารถนัดเวลาไปพบคุณหมอได้ค่ะ รอไม่นานเพราะไปตามเวลาที่นัด ถึงจะเป็นคลินิกพิเศษนอกเวลา แต่ค่าหมอไม่แพงเลยค่ะ ค่ายารักษาราคาจะอยู่ที่ยาแต่ละตัวที่คุณหมอจ่ายค่ะ โดยรวมแล้วดีมากค่ะ","To see your doctor at Siriraj psychiatric clinic as a part-time. You speak very good very very kind.
Nurse Love What questions answered thoroughly. Lavigne does not jerk it.
I place it comfortably in the hospital, organized a system of regulation. Appointment to see your doctor to have it. Wait no longer, because of the time and date. The clinic will be part-time. But the doctor did not do it. The price of medicines will be available for each medication that you have to pay it. Overall, very good",5
Siriraj,โรงบาลศิริราช ถือว่าดีอำดับต้นๆของประเทศเลบ หมอบริการดี พูดจาดี รักโรงบาลนี้สุด เพราะเคยไปใช้บริการมาหลายครั้ง พยาบาลพูดจาเป็นกันเอง เข้าใจผู้ป่วย ไม่รอนาน ไม่มีโรงบาลไหนดีเท่านี้แล้วละครับ ผมเคยไปนอนที่โรงบาลนี้ เหมือนปลายปีก่อน ตอนนั้นไปติดหวัดจสกการไปเที่ยวต่างประเทศ กลับมาเป็นไข้หวักหนัก เลยแอดมิทที่ฌรงพยายาบนี้ ค่าใช้จ่ายไม่แพง ดีกว่าเอกชนไปอีก,"Siriraj Hospital It may well put out of the country play the good doctor's flattering hospital this weekend. I've used it many times. Medical parlance friendly That patients wait no longer, no hospital anywhere as good as this one. I used to go to bed at the hospital. Like the previous year, Then went to the Sok trip abroad. Back to the unheated heavy fever. Gave at Jean maintain the drug is amphetamines. The cost is not expensive Private better to",5
Siriraj,"กำลังรักษากับหมอหนังศรีษะที่โรงพยาบาลแผนกผิวหนังชั้น 4 ตึกผู้ป่วยนอก ดีมากค่ะให้การรักษาที่ได้รับผลกระทบน้อยที่สุด เคยรักษาที่โรงพยาบาลอื่นแต่ก็กังวลกับผลข้างเคียงตลอดเลย
 แนะนำให้ไปในเวลาก็ได้ถ้าสามารถไปได้ในวันธรรมดาเพราะค่ารักษาจะถูกกว่าคลินิกพิเศษ ส่วนตัวเคยไปทั้งสองคลินิกแล้วให้การรักษาดีทั้งคู่
 คิวของที่ศิริราชไม่ได้รอนานถ้าเราไปตามวันเวลาที่นัดสำหรับผู้ป่วยใหม่นั้นแนะนำ
1.ให้เสียเวลาวันหนึ่งไปทำบัตรผู้ป่วยก่อน ชั้น 1 แต่จำตึกไม่ได้เสร็จแล้วก็ทำการนัดคิว
2.ให้มาตามคิวที่นัดได้เลย
3.พอตรวจเสร็จก็จะมีการทำนัดครั้งถัดไป","Doctors are treating the scalp skin department at the hospital outpatient building 4th floor. Very good treatment that has been least affected. He was hospitalized, but is concerned about any side effects at all.
 Time to go, if you go on a weekday because the treatment is cheaper clinics. The two had a private clinic for treatment, the better the pair.
 Queue at Siriraj not wait too long if we go by the date of appointment for new patients is recommended.
1. Make time to do a full patient before, 1st floor, but the building is not recognized, then make an appointment queue.
2. According to the cue that strikes it.
3. Make it finished, it will produce the next meeting.",5
Siriraj,บริการดีมาก ตอนแรกได้ยินคำร่ำลือมาว่ารอนานมาก แต่พอไปจริงๆ ทุกอย่างเป็นระบบมาก คือไม่ได้รอนานอะไรเลย หรืออาจจะเป็นเพราะเราไปคลินิคนอกเวลา ^^ ส่วนในเรื่องของการรักษาโอเคมากคะ ขนาดเรารู้ว่าเราเป็นอะไร แต่ตั้งใจไปที่นี่ครั้งแรกเพื่อที่จะเริ่มตรวจใหม่ทั้งหมด แจ้งอาการไปคุณหมอเหมือนทราบทันที  ทีนี้แต่รอผลเลือดยืนยันเท่านั้น,"Very good service, first heard the rumor that a very long wait, but everything is going really great. Is not waiting for anything. Or maybe it was because we went to a clinic outside ^^ For the sake of keeping Okay, very good. We know what we are measuring. I intend to be here for the first time to begin all over again. Symptoms like to inform your doctor immediately. Now, however, confirmed only wait for the results of blood.",5
Siriraj,เป็นโรงพยาบาลที่ดีมากค่ะบริการดีหมอดีมากๆค่ะ คือวันที่ฉันไปตอนเช้าค่ะ มีการบริการที่ดีมากจองคิวได้ไวมากค่ะ โรงพยาบาลทำให้เรารู้สึกปลอดภัยที่จะมารักษาโรคค่ะ พาพบกับคุณหมอคือคุณหมอที่นั้นใจดีมากค่ะแนะนำให้คำปรึกษาเราละเอียดดีมากและที่สำคัญรักษาโรคได้เชี่ยวชาญมากเป็นคุณหมอที่ดีมากๆทุกคนเลยค่ะ ตอนบริการจ่ายยาก็รอไม่นานค่ะ ในตัวโรงพยาบาลกว้างขว้างมากมีห้องพิเศษรองรับคนไข้เยอะมากค่ะ,"The hospital is very good doctor, very good. I was on the morning. The service is very well booked up very quickly. Hospitals make us feel safe to treat it. I met with the doctor is a doctor who is kind enough to advise us of a very good and important diseases are very specialized doctors are good people too. The service dispensing waited long enough. The hospital has a very spacious great room with a lot of patients here.",5
Siriraj,มาหาหมอจิตแพทย์ครั้งแรกที่นี้ ประทับใจการดูและและพูดของคุณหมอมาก ขอบคุณพยาบาลและเจ้าหาที่ทุกคนค่ะ กล้าบอกเลยว่าค่อนข้างกลัวเพราะระแวง ยิ่งอ่านรีวิวยิ่งกลัวเกี่ยวกับการเข้าพบจิตแพทย์ กลัวโดนด่า กลัวโดนติ กลัวคนขึ้นเสียงใส่ แต่คุณหมอสุภาพมาก และกำชับว่าที่เราเป็นมีทางรักษาให้หายได้ ขอบคุณกำลังใจและสติดีๆจากคุณหมอของศิริราชด้วยค่ะ ไปโรงพยาบาลอื่นจะเดินทางงงกับตึกต่างๆ แต่ทาง รพ.ศิริราชมีการจัดการระบบต่างๆ และตึกต่างๆทำให้เดินหาสถานที่ได้โดยไม่ต้องเสียเวลามากด้วยค่ะ,"The doctor is a psychiatrist first. Impressive to see and talk to your doctor and more. Thank you for the nurses and all. I say that quite scared because suspicion. Also read more about the fear of being cursed psychiatrists fear fear fear more perfect sound. But the doctor very polite And urges that we have is curable. Thank you from the unconscious and the doctors at Siriraj with it. Another trip to the hospital to do with the building, but the hospital Siriraj managed systems. Buildings and make way for a place without wasting much time with it.",5
Siriraj,โรงพยาบาลศิริราชเป็นโรงพยาบาลขนาดใหญ่ระดับต้นของประเทศ และมีคนไข้ไปรักษาที่นี่เยอะมากๆ เพราะวินิจฉัยโรคได้แม่นยำ และศักยภาพในการรักษาที่เพียบพร้อม คุณหมอใจดีมากๆ ทั้งที่คนไข้แต่ละวันมีจำนวนมาก แต่จากการวางระบบต่างๆที่ยอดเยี่ยม ทำให้ไม่เกิดความสับสนต่อคนไข้ และสะดวก รวดเร็วมาก ตั้งแต่ขั้นตอนการทำบัตร จนกระทั่งรอคิว และได้เข้าพบแพทย์ สามารถทำบัตรผู้ป่วยออนไลน์ได้ และยังสามารถนัดตรวจคลินิกพิเศษออนไลน์ได้ด้วย ประทับใจมากๆ,Siriraj Hospital is a large hospital in the country. And to treat patients with this lot. The diagnosis was accurate And the potential to treat a range. You are very kind The patients each day are many. But the systems are excellent. Do not confuse the patient and very quick steps to make the card. The queues And his doctor Patients can do it online. You can also check clinic appointment online with very impressed.,5
Siriraj,คุณหมอเข้าของไข้ผ่าตัดดี แต่นศพ ดึงสายเลือดออก จึงต้องทำให้ผ่ารอบสอง ต้องโทรหาอาจารย์ตลอดการผ่า รอดตายมาได้ จนทำให้คอเป็นถึงทุกวันนี้ คอยึด คอตึง กลืนยาเม็ดใหญ่ไม่ได้ พยาบาลแผนกคอนิสัยน่ารักแต่แผนงรังสี หมอดีค่ะ ให้คำปรึกษาดี ทุกอย่างโอเคหมด แย่ตรงผ่าคอรอบสองครั้งนั้นค่ะ จนเป็นปีแล้ว คอก็ไม่ดีขึ้นค่ะ,"Doctor in surgery but his fever and blood bodies pulled out. You need to make split second Calling all teachers have the surgery have survived until today as the neck, neck, neck stiffness, swallowing the tablets seized are not. Hospital departments neck temperament lovely plot of radiation, but a good doctor counseling as well. Everything okay ants Poor straight through the neck twice a year until my throat was already better.",1
Siriraj,หมอสามารถให้คำปรึกษาได้ดีมาก ติดตามอาการการรักษาตลอด ไปหาหมอด้วยอาการปวดข้อเข่า หมอสามารถให้คำปรึกษาได้ดีมาก ติดตามอาการการรักษาตลอด ไปหาหมอด้วยอาการปวดข้อเข่า หมอสามารถให้คำปรึกษาได้ดีมาก ติดตามอาการการรักษาตลอด ไปหาหมอด้วยอาการปวดข้อเข่า หมอสามารถให้คำปรึกษาได้ดีมาก ติดตามอาการการรักษาตลอด ไปหาหมอด้วยอาการปวดข้อเข่า,The doctor can consult very well. Follow up treatment forever Go to the doctor with pain in the knee. The doctor can consult very well. Follow up treatment forever Go to the doctor with pain in the knee. The doctor can consult very well. Follow up treatment forever Go to the doctor with pain in the knee. The doctor can consult very well. Follow up treatment forever Go to the doctor with pain in the knee.,5
Siriraj,"อาการนิ้วมือ นิ้วเท้า ชา ตลอดเวลา มกมากกว่า 1 ปี เคยรักษาแบบเวชศ่สตร์ฟื้นฟูกฌดีขึ้นเป็นพักๆ แล้วก็กลับมาเป็นอีก แรกๆนึกว่าเป็นเพราะหมอนรองกระดูกที้คอ และหลังเสื่อม จึงเป็รสาเหตุให้ชา แต่คุณหมอเวขศาสตร์บอกว่ายังไม่น่าใช่ ให้ลองพบหมอ neuro ดูก่อน
คุณหมอ neuro ตรวจแล้ว พยว่าเส้นประสาทอักเสยเล็กน้อย ให้ทานสิตามินบำรุงแก้ชา","Symptoms fingers and toes tea anytime mg over 1 year had medical treatment Prof. Jean A. Strong Rehabilitation better sporadic. Then it is back again That's because early cervical neck. And Alzheimer's Inertia is why tea But Dr. Web says the science is not likely to let the doctor see neuro.
Neuro doctors reviewed Nov nerves that Akram swing slightly. Eat nourishing vitamins to slow music.",4
Siriraj,ไปผ่าตัดเนื้อบอกในสมองเมื่อปี 2546 หมอทำให้ดิฉันเดินไม่ได้มาจนปัจจุบันเป็นเวลา 15 ปีแล้ว ซึ่งน้าชายของดิฉันก็จบแพทย์จากที่ศิริราชแล้วหมอที่ผ่าตัดให้ดิฉันก็จบหลังน้าชายของดิฉันอีกทำให้ดิฉันผิดหวังกับการรักษาในครั้งนี้มากๆเลยค่ะซึ่งครอบครัวฉันก็ไม่ได้มีฐานะอะไรมากมายเลยตาเป็นข้าราชการบำนาญยายเป็นแม่บ้าน,"To surgical body tells the brain when in 2546 I made my move was not present 15 years ago, my uncle, my end Medicine at Siriraj doctor that surgery, I was over after my uncle's, I again made me. frustrated with the treatment of this family so much that I was not there as much as I eyed grandmother was a maid servant pensions.",1
Siriraj,วันนี้ไปหาหมอศิริราช พอดีมีไข้ขึ้นสูง ไอจนเจ็บขึ้นสมอง อ่อนเพลียมาก ไอจนเจ็บหน้าอก ท้องเสีย ไข้ขึ้น ตอนแรกพยาบาล(เสื้อสีฟ้า)ที่อยู่ตรงยื่นบัตรเค้าบอกว่าไม่มีคิวให้คนไข้มาแจ้งตรงพยาบาลคัดกรองด้านหน้าสุดของตึก ย้ำ(พยาบาลที่อยู่หน้าสุด ตรงประชาสัมพันธ์) เราเดินมาเจอพยาบาลคนแรกเค้าก็เลยบอกว่าต้องรอรถเพราะถ้าเราไม่ไหวก็ต้องรอรถ จนเค้าคุยกับพยาบาลคนที่สองคนที่สองถามอีกครั้งว่าเป็นอะไร เราก็บอกเค้าบอกอาการไปอีกครั้ง พยาบาลบอกว่าเพราะไอใช่ไหมก็เลยเจ็บ เราก็บอกว่า เรามีไข้ขึ้นมาก อ่อนเพลีย ยืนจนไม่ไหวแล้ว พยาบาลคนนี้ก็บอกว่าเพราะไอเยอะมันก็เจ็บหน้าอก พยาบาลแจ้งว่าคนไข้ไอแล้วเจ็บมันเป็นเรื่องปกติ (คนนี้พูดไม่ดีเลย ไม่ดีเลยตะคอกใส่อีก แล้วพยาบาลก็พยายามบอกว่าไม่รู้มีคิวไหม) จนเรารอไม่ไหวก็เลยตัดสินใจไปร.พ.เอกชน สรุปว่าคือเราเป็นไข้หวัดใหญ่ สายพันธ์ A แค่อยากจะบอกพยาบาลว่า ถ้าเราไม่ป่วยเราคงไม่ไปร.พ.หรอก แล้วคำพูดที่ตะคอกใส่คนไข้อ่ะ มันไม่โอเค เพราะเค้าป่วยเค้าก็ไม่โอเคแล้วคุณเป็นพยาบาลอ่ะคุณมาพูดไม่ดีใส่เค้าอีกอ่ะ มันไม่โอเคค่ะ กับพยาบาลด้านหน้าตึกตรงประชาสัมพันธ์,"Today, a doctor at Siriraj Have a high fever It was very hurt by the brain, fatigue, cough, chest pain, diarrhea, fever, until the beginning of Nursing (blue shirt) on the submission that there was no cue cards tell the patient to notify health screening at the front of the building. Repeat (a nurse at the front. This press release), we came across the first hospital I was told to wait because if we did not have to wait for the car. Until I talk to the nurses who were second again asked what it is. We were told that he may go again. Nurses say that because I know it hurts, but we were told we had fever, fatigue, standing up very well for me. This nurse was told that because it was a lot of chest pain. Nurses reported that patient's pain, then it is fine. (People say this is not good. Shouted another bad Then the nurse was trying to say that I have my cue), so we could not wait so I decided to drive. May. Private. We conclude that it is a strain of influenza A nurse just want to say that. If we were not we would not have to drive. May. It. Then shouted at my patients, it's not because he's sick, he's not, then you are a nurse, you do not talk to him too much. It's Okay Building on the medical front Relations",3
Siriraj,โรงพยาบาลมีคลินิคผู้ป่วยนอก มีคนมาใช้บริการเยอะมาก แต่ผู้ให้บริการ ผู้ช่วยเข็น พยาบาล ก็ปฏิบัติต่อทุกคนเท่าเทียมและเป็นมิตร มีรอยยิ้ม มีการบริการที่ดี ให้คำแนะนำที่ดี ให้คำอธิบายต่างๆด้วยความใส่ใจและช่วยเหลือดีมาก ความประทับใจนี้ทำให้ลืมเรื่องรถติดและคนมากมายไปเลย ที่ประทับใจคือคุณหมอให้เวลากับคนไข้ ให้ความรู้และอธิบายอาการของโรค สอบถามและใส่ใจในอาการของคนไข้ดีมากค่ะ ทำให้คนป่วยมีความรู้สึกสบายใจที่อยากจะมารักษาที่นี่,"The hospital has an outpatient clinic. There were a lot. But a nurse's assistant Cart treat everyone equally and with a friendly smile with great service. Give good advice The descriptions attentive and helpful. This impression makes to forget about the car and a lot of people go. The impression is that doctors give to patients. To educate and explain the symptoms of the disease. Call attention to the patient's symptoms, and very good. Sick people are feeling comfortable that I will treat here.",3
Siriraj,เป็นโรงพยาบาลใหญ่ ที่อุปกรณ์ครบครัน เดินทางไปสะดวก คุณหมอและพยาบาลใส่ใจคนไข้ ดูแลดีมากๆ,"A big hospital The fully equipped, To ease Doctor and patient care, nursing care is very good.",5
Siriraj,สอบถามค่ะ มีใครจองคิวกับเว็บนี้แล้วได้คิวจริงๆบ้างคะแบบไปแล้วรักาาได้เลย คือกลัวเสียเวลา,"Ask me who has booked with this, then it really does not queue a motion to interrupt it. Fear is a waste of time",5
Siriraj,โรงพยาบาลมีคลินิคผู้ป่วยนอก มีคนมาใช้บริการเยอะมาก แต่ผู้ให้บริการ ผู้ช่วยเข็น พยาบาล ก็ปฏิบัติต่อทุกคนเท่าเทียมและเป็นมิตร มีรอยยิ้ม มีการบริการที่ดี ให้คำแนะนำที่ดี ให้คำอธิบายต่างๆด้วยความใส่ใจและช่วยเหลือดีมาก ความประทับใจนี้ทำให้ลืมเรื่องรถติดและคนมากมายไปเลย ที่ประทับใจคือคุณหมอให้เวลากับคนไข้ ให้ความรู้และอธิบายอาการของโรค สอบถามและใส่ใจในอาการของคนไข้ดีมากค่ะ ทำให้คนป่วยมีความรู้สึกสบายใจที่อยากจะมารักษาที่นี่,"The hospital has an outpatient clinic. There were a lot. But a nurse's assistant Cart treat everyone equally and with a friendly smile with great service. Give good advice The descriptions attentive and helpful. This impression makes to forget about the car and a lot of people go. The impression is that doctors give to patients. To educate and explain the symptoms of the disease. Call attention to the patient's symptoms, and very good. Sick people are feeling comfortable that I will treat here.",5
Siriraj,ดิฉันมีอาการสะอึกไม่หยุดทุกๆครึ่งชม. ตอนกลางคืนแค่รู้สึกตัวตื่น พลิกตัว ก็เกิดอาการสะอึกขึ้นมา และมีอาการไอ ไอรุนแรง จนอ้วก เกิดอาการมา1เดือนแล้ว พอจะมีวิธีรักษามั้ยคะ,I had a hiccup did not stop every half hour. During the night I woke up and turned himself was a hiccup and cough cough puke severe symptoms for 1 month. But is there a way I treat it.,4
Siriraj,นั่งคุยปกติไม่มีอาการอะไรอยู่ๆก็ปวดท้องจื้ดขึ้นมาเลยแล้วท้องก็จะเริ่มแข็งขึ้นแล้วเมือนบวมขึ้นๆแล้วจะลุกขึ้นมานั่งไม่ได้พักนึงและเจ็บเป็นมารอบนี้รอบที่2แล้วอ่ะค่ะ,"Talk usually no symptoms suddenly abdominal pain Chih speed up, then the stomach will begin to freeze up when the swelling up and then get up, sit not break it, and it was around this 2nd right. here",5
Siriraj,หมอกระดูก ห่วยแตก วินิจฉัยโดยไม่ตรวจอาการคนไข้,Doctors diagnose bone stunk patients without symptoms.,1
Siriraj,คุณหมอมีความน่ารัก เป็นกันเอง พยาบาลใจดี แม้ว่าจะผิดนัด แล้วคิวคุณหมอยาวมาก ก็ยังสามารถให้วอร์คอินเข้าไปได้ ต้องขอบคุณจริงๆค่ะ,"You have a lovely, kind, friendly nurse, although default. Then you have a very long queue It can also be a Walk-in into it. I really need",5
Siriraj,กาให้บริการและการตรวจรักษาดีมากๆพูดจากับคนไข้ก็ยิ้มแย้ม  ผิดกับโรงพยาบาลรัฐบางแห่ง ตวาดคนไข้ซะไม่อยากไปหาเลย อยู่แถวสามพรานแต่นั่งรถไปหาหมอที่ศิริราชเสียเงินก็ยอมเพราะที่ รพ.ศิริราชบริการคนไข้ดีมากๆ,"The service and the treatment is very flattering to the patient is smiling. Sentenced to a public hospital somewhere. Simpsons patients do not want to do. Near the Rose Garden, but the ride to the doctor at Siriraj waste of money because it's not that. Hospital Siriraj hospital very well.",5
Siriraj,หนูไปพบหมอจิตแพทย์มาค่ะ หนูเป็นโรคทูเร็ตต์ชนิดรุนแรงต้องใช้ยาบำบัด หนูไปหาหมอที่โรงพยาบาลอื่นมาก่อนแต่ไม่ดีขึ้นทั้งที่ปรับยาไปเยอะมากค่ะ แต่พอมาเจอคุณหมอท่านนี้ หนูรู้สึกว่าหนูสามารถกลับเป็นปกติได้ คุณหมอสอบถามอาการที่เป็นและยาที่เคยใช้ค่ะ แล้วท่านก็วิเคราะห์จากอาการและยาที่เคยใช้ และปรับยาให้ใหม่ค่ะ ซึ่งการปรับยานั้นเป็นที่พอใจสำหรับหนูมากค่ะ ทำให้หนูคิดว่าทำไมไม่มาที่นี่แต่แรก คุณหมอให้ความหวังกับหนูและบอกว่าหนูจะหายเป็นปกติได้ หนูรู้สึกว่ามันต้องหายได้แน่นอน คุณหมอท่านนี้มีอารมณ์ขันมากและเข้าใจวัยรุ่นมากค่ะ หนูคิดว่าถ้าวัยรุ่นที่อยากจะหาหมอจิตแพทย์ก็ควรมาพบกับท่านนี้ดูนะคะ ถึงจะเป็นครั้งแรกที่หนูไปรักษากับท่าน แต่ท่านก็วิเคราะห์ปัญหาและอาการของหนูได้ดีและแม่นยำมากค่ะ,"I came here to see a psychiatrist. Two mice suffered severe Raitt require drug therapy. Go to the doctor at another hospital before, but not better either adjust the dose to very much. But to see this doctor. I feel that I can return to normal. Ask your doctor, symptoms, and medications used to it. Then he analyzed the symptoms and medications used. And adjust it to the new drug The revised drug that is pleasant for me very much. So I thought why not come here in the first place. You give hope to me and said that I would be healed. I felt it was inevitable. Doctor, you are very humorous and very savvy teenagers. I think if a teen wants to be a doctor, a psychiatrist, was supposed to meet with you soon. It was the first time I go to therapy with you. But diagnose the problem and the symptoms of the mice were great and very precise.",5
Siriraj,ประทับใจการรักษาและดูแลคนไข้ของศิริราชมาก ทีมแพทย์และพยาบาล มืออาชีพ ทุกคนน่ารัก เอ็นดูลูกสาวของดิฉัน ให้ความเอาใจใส่เป็นอย่างดี  ขอบคุณที่นี้จากใจจริงๆค่ะ เราจะไม่ลืมเลย,"Treatment and care of patients at Siriraj much. A team of doctors, nurses and all professionals who love my lovely daughter. The attention is well Thank you from the heart, really. We will not forget",5
Siriraj,เนื่องจากไม่เคยไปรับการรักษา ไปครั้งแรก เพราะหมอที่ดูแลอยู่แนะนำไป ก็เลย แบบไม่รู้เรื่อง แต่เจ้าหน้าที่ที่ดูแล ให้การบริการดีมากๆๆๆค่ะ เข้า ชัดเจนทุกขั้นตอน ไม่หงุดหงิดใส่ ดูแลคนไข้ตามลำดับอาการป่วย ตอบข้อสักถามดีมาก ทั้ง ๆ ที่คนก็เยอะ คนไม่เข้าใจก็เยอะ ชอบค่ะ ดีกว่ารพ เอกชนอีก ที่ไม่ค่อยดูแลเราแบบนี้เลย เป็นกำลังใจให้เจ้าหน้าที่ทุกคนเลยนะค่ะ สู้ ๆ,"Because never go untreated because doctors who care for the first time are advised to do so without knowing it. But officials in charge The service is great, so it is clear to every step. Not frustrated The patient is sick I asked the question very well, although I did not understand a lot of people like it better than private hospitals that do not care about this. Is encouraging all staff on my face.",5
Siriraj,ตั้งแต่เจ้าหน้าที่ รวมไปถึงพยาบาลและหมอ ให้บริการดีมากไม่มีอาการหงุดหงิดหรือแสดงสีหน้าไม่ดีกับคนไข้เลย รักษาดี ช่วยเหลือผู้ป่วยที่ยังช่วยเหลือตัวเองไม่ได้แบบว่าดีเยี่ยมมาก ถ้ามีลูกคนต่อไป จะคลอดที่โรงพยาบาลศิริราชเหมือนเดิม,"since authorities The nurses and doctors Service very good, no signs of frustration or expressions badly with the patient's treatment to help patients help themselves is not that much good. If a child next To give birth at the same hospital.",5
Siriraj,ได้ไปส่องก้ลองตรวจลำไส้ หมอให้ดูภาพภายในำไส้ แย้วทึ่งมาก ประทับใจ คุณหมอแจงรายละเอียดชัดเจน ภายในเป็นแผล หมอซ่อมแซมให้เรียบร้อย,Two had to try the intestines. Doctor to view the rectum ใnm Nothing dramatic impression that you have a breakdown in the doctor's wound repair order.,5
Siriraj,หมอเก่ง สามารถหาสาเหตุอาการป่วยของคุณพ่อ และชาวยรักษาได้ดีด้วย,Wally Doctors can diagnose the illness of his father. And to preserve the good.,5
Siriraj,พยาบาลใจดี,Heart Hospital,4
Siriraj,เคยเป็นต่อมน้ำเหลืองอักเสบและภูมิแพ้ แล้วได้รักษาที่ศิริราชของคุณหมอดูแลคนไข้ดีมาก ตรวจหาสาเหตุอย่างละเอียด ตอนเจาะน้ำเหลืองที่คอมาตรวจ มือเบามาก แล้วก็นัดทุกสัปดาห์เพื่อติดตามอาการให้ยาติดต่อกันจนทำให้อาการดีขึ้นค่ะ,Had a lymph node inflammation and allergies. Then treat your doctor at Siriraj hospital care is very good. Check for the carefully The drill neck lymph nodes were examined gently and then more shots every week to follow up consecutive dose until symptoms improve it.,5
Siriraj,เจ้าหน้าที่ตอบทุกคำถามแม้ผู้ป่วยจะเยอะแค่ใหน,"The officers answered every question, even if the patient does not just give in.",5
Siriraj,ต้องช่วยตัวเองทุกอย่าง ตั้งแต่เดินเอกสาร จนถึง จองห้องพักก็ต้องทำเอง เข้าใจว่าเป็น รพ รัฐ แต่ก็น่าจะมีการจัดการที่เป็นระบบมากกว่านี้,Everything must help themselves Since couriers until the booking was made. It is understood that the hospital should be managed more systematically.,3
Siriraj,พยาบาลดูแลดีมากทั้งการพูดการจาไม่แบ่งชนชั้น,"Medical care is very good, the speech's not racist.",5
Siriraj,ประสบการคือ วันนั้นเป็นวันที่23ตุลาคม ชึ่งวันนั้นเราปวดท้องคลอดลูกมาก ก้อเอาเราไปนอนรอที่เตียงเข้าน้ำเกลือ ฉีดยาเร็งคลอด ทิ้งเรานอนไว้ที่เตียง แล้วพยาบาลไปนั่งเล่นมือถือ พอได้1ชั่งโมงผ่านไปเราเลยเรียก พยาบาลคะหนูอยากเบ่งคลอดค่ะ ก็ไม่สนใจ เล่นมือถือต่อ พออีก5นาทีต่อมา เราเลยตะโตนบอกหมอว่า ไม่ไหวแล้วค่ะ จะคลอดแล้ว จนกระทั่งลูกหลุดออกมาทั้งตัว หมอพยาบาลค่อยวิ่งมา....รับลูกเราที่คลอด ...ไม่อยากให้เกิดขึ้นอีกนะคะ อยากให้สนใจคนไข้มากกว่านี้,"Experience a day is October 23. Suggestible that our children are very upset stomach. He took us to sleep waiting for a bed in a brine. Cancer drug delivery We left lying on the bed Nurses then went to the living cell Called me over one hour. I want to be a nurse labor force do not play it on mobile. But 5 minutes later, Stone told the doctor that we have talents. Then it will not be delivered until the ball comes out of the body. Doctors, nurses .... I ran to get my son is born. ... I do not want it to happen again. Do patients want more",3
Siriraj,จำนวนแพทย์ไม่เพียงพอ รอนานมาก พอได้พบแพทย์พูดจาฮ่วนๆ หน้าตาไร้อารมณ์ในการให้บริหาร คิดบวกคือแกคงเหนื่อย,The number of doctors is not enough to wait long enough to see a doctor he spoke of it. Expressionless faces in the administration. I think I was exhausted,3
Siriraj,คุณหมอเก่งมาก ใส่ใจรายละเอียด แต่ที่เข้ารักษาเป็นคลีนิคพิเศษ ทำงานใกล้เคียงกับเอกชน,You are very good Attention to detail But he maintained a special Clinic. Working in line with private,5
Siriraj,ผมเริ่มการรักษาที่โรงพยาบาลแห่งนี้มา 6 ปี ต่อเนื่อง เนื่องจากเป็นโรคไวรัสตับเอ็กเสบบี การเข้ารักษาในครั้งแรกก็ดูจะยุ่งยาก และใช้เวลาอย่างมาก เนื่องจากเป็นคนไข้ใหม่ แต่หลังจากนั้นเมื่อมีใบนัดครั้งต่อไปแล้ว ก็ไม่นานเท่าไหร่  มีคลีนิคนอกเวลาสำหรับนัดคุณหมอประจำที่ตรวจ  ถ้าไม่สะดวกมาในเวลาทำการด้วย รักษาดูอาการอยู่หลายปี  ค่าไวรัส ค่าตับอักเสบก็ลดลง แต่ก็มีภาวะตับแข็ง เนื่องจากใช้ชีวิตก่อนรักษาไม่ดูแลตัวเองประมาท เสี่ยง  คุณหมอดูแลดีมาก คอยหมั่นให้อัลตร้าซาวล์ดูเนื้อตับ จนกุมภาพันธ์ปี 2516 ก็พบว่ามีก้อนที่เนื้อตับ ทำ MRI หมอวินิจฉัยว่าเป็นมะเร็ง ผมเคยถามหมอว่าถ้าเป็นมะเร็งแล้วไง  ผมก็ต้องตายไม่ใช่เหรอ หมอบอกรักษาได้ถ้ารู้เร็วตัดออกได้  คุณหมอที่ดูแลเรื่องตับส่งผมไปหาหมอผ่าตัด  โดยรีบนัด หมอผ่าตัดวินิจฉัย แล้วอธิบายวิธีรักษาให้ผมอย่างละเอียด โดยส่งต่อให้หมอรังสีเริ่มทำในขั้นตอนแรก คือให้คีโมที่ก้อนเนื้อ เพื่อยับยั้งการจะเจริญเติบโตของมัน ทางแพทย์รังสีดูจาก MRI ของผม สนใจในตัวก้อนเนื้อ เพราะมันดูไม่เหมือนเซลมะเร็ง เลยขอตัดก้อนเนื้อนั้นไปตรวจ ประกฎว่าใช่แหละ แต่ำม่ใช่มะเร็งที่เกิดจากเนื้อตับ  แต่เป็นมะเร็งท่อน้ำดีในตับ การทำงานขั้นต่อมาแพทย์รังสี นัดผมมาอุดหลอดเลือดดำที่ตับข้างขวาที่มีก้อนเนื้อ เผื่อให้มันฝ่อ หลังจากนั้นผมบำรุงด้วยโปรตีนเยอะมาก เพื่อให้ตับโตขึ้นในข้างที่ไม่มีก้อนเนื้อ  เผื่อพร้อมสำหรับผ่าตัด หลังจากหนึ่งเดือนผ่านไป คุณหมอศัลย์มาเช็คขนาดตับผม มันก็โตขึ้นพอสมควร คุณหมอก็นัดผ่าตัด ก่อนการผ่าตัดผมกลัวมาก แต่หลังจากเข้ารับการผ่าตัด เหมือนไม่มีอะไรเกิดขึ้น คุณหมอตัดตับผมไป 60% ตามคำบอกของคุณหมอ  แต่ผมก็ไม่ได้มีอาการอะไรยังสามารถใช้ชีวิตอยู่ได้ดี  แต่ต้องมาติดตามอาการเป็นระยะๆ ต่อมาอีก 4 เดือน พบว่ามะเร็งได้กระจายมาที่ต่อมน้ำเหลืองในช่องท้อง จากการตรวจติดตาม ทางหมอศัลย์บอกว่าต้องให้คีโม เลยส่งตัวไปหาหมอเคมียำบัด หมอเคมีบำบัดอธิบายขั้นตอนและวิธีการรักษา ในขั้นนี้เราจะรักษาไม่หายนะครับ  เป็นเป็นการทำให้อาการสงบ เซลล์มะเร็งไม่รุกราม ไม่เติบโต ตอนนี้ผมให้คีโมต่อเนื่องกันมา 4 ครั้ง โดยให้ติดกัน 2 อาทิตย์ เว้น 1 อาทิตย์ แล้วก็ติดกันอีก 2 อาทิตย์ รวมทั้งหมด 12 ครั้ง  เท่ากับ 6 เข็ม คุณหมอบอกว่าการที่ให้ 2 อาทิตย์เท่ากับ 1 เข็ม มันจะช่วยไม่ให้หนักเกินไปสำหรับผม เพราะตัวยามันแรง ผ่านไป 4 ครั้งโชคดีที่ผมไม่มีอาการแพ้ ไม่อาเจียน ทานได้ มีมึนๆนิดหน่อย โดยรวมโอเค  ไม่เคยท้อ เชื่อมั่นในแพทย์ที่รักษา และการให้คำแนะนำ พยาบาลเอาใจใส่ดีทุกครั้งที่มานอนโรงพยาบาล ถามตอบในทุกข้อสงสัย  ผมจะขอผลเลือดมาดูค่าตับ ค่ามะเร็ง ค่าไต ค่าเลือดต่าง โดยให้พยาบาลอธิบายให้ฟัง เนื่องจากต้องการดูสภาพร่างกายโดยตลอด  ขอบคุณคุณหมอและพยาบาลที่นี่ที่ทำให้ผมมั่นใจในการรักษา ไม่ท้อ,"I started treatment at this hospital for six consecutive years due to a hepatitis B X-inflammatory. The first treatment is more difficult. And take very seriously As a new patient, But after that, when the next appointment already. How long does it A clinic appointment time for your doctor to check. If not easy to come by during office hours. Treat the symptoms for many years, the hepatitis virus is even lower. It has cirrhosis Since their first treatment does not take care of themselves, underestimate the risks you take very good care doctor. Always wait for the Ultra's a look liver. Until February 2516, he found a lump of meat, liver MRI diagnosed with cancer. I asked the doctor if it is cancer. I was waiting to die. Doctors say that if treated quickly eliminated. The doctor sent me to the care of the liver, a surgeon hurriedly arranged by a surgeon diagnosed. I then explained how to treat them carefully. By delivering radiation to a doctor began to make the first step. Is chemo the tumor. In order to inhibit its growth. Medical radiation, the MRI of my interest in a lump. It does not look like cancer cells. I would like to cut the lump checked. The rule that, yes, it No, แtem cancer caused by liver. But as cholangiocarcinoma in the liver. Next, work, medical radiation. I shot blocked veins in the liver on the right side of the lump. Let it scare After that I care too much protein. Growing up in the liver, so that no lumps. I was ready for surgery After one month has passed Doctor's surgery to check my liver size. It grows moderately Doctor's surgery appointment Before the surgery, I was very afraid But after surgery It's seem nothing heppen The doctor cut my liver to 60% by telling your doctor. But I did not have anything to live well. But the follow up periodically over the next four months, the cancer has spread to the lymph nodes in the abdomen. To monitoring The doctor said that surgery was needed chemotherapy. Send it to a doctor salad chemical treatment. The doctor explained the procedure and chemotherapy treatments. At this stage we do not treat my downfall. As a result calm Cancer cells do not tertiary not grow now chemo consecutive 4 times for each 2 week leave 1 week then next 2 weeks for a total of 12 times equal to 6 pin your doctor says that you two. Sunday is 1 needle it will not be too heavy for me. Because the drug is over 4 times the force Luckily I do not have allergies to eat without vomiting have mellowed a little, overall okay, not give confidence in the medical treatment. And advising Nursing care every time they come to the hospital. Replies in doubt I would like to see the results of blood to the liver, the kidneys, cancer of the blood by the nurse explained. To see the physical condition throughout. Thanks to the doctors and nurses here that gives me confidence for the treatment of non-woven.",5
Siriraj,คือ ผ่าคลอดคุณหมอคุณพยาบาล ดูแลดีมากค่ะ,"Is cesarean doctor your medical care, very good.",4
Siriraj,ไปหาหมอเนื่องจากฮอร์โมนไม่ปกติ ตอนแรกคิดว่าศิริราชจะต้องรอนานมากๆเนื่องจากใช้สิทธิ์บัตรทองแต่ปรากฎคือเดี๋ยวนี้โรงพยาบาลพัฒนาระบบดีมากๆ รอไม่ถึงชั่วโมงได้พบคุณหมอและรับยาภายในสามสิบนาทีหลังตรวจเสร็จ คุณหมอเก่งและให้คำแนะนำอย่างดี พยาบาลและเจ้าหน้าที่ให้การบริการและความช่วยเหลืออย่างเป็นระบบ ดีมากๆค่า ตอนแรกคิดว่าไปรักษาบัตรทองจะต้องรอทั้งวันและเจอบริการไม่ดี ศิริราชสมัยนี้ลบล้างความเชื่อเก่าๆได้อย่างหมดจรดค่ะ,"Go to the doctor because of hormonal irregularities. I think Siriraj will have to wait a long time since the golden ticket right now, but it turns out that the hospital system is very good. Do not wait hours to see a doctor and get medication within thirty minutes after the examination is completed. Dr. Atta and guide well. Nurses and staff provide services and assistance is very good value at first thought to retain a golden ticket will have to wait a day and see poor service. Siriraj refute this old belief has it stretch out.",5
Siriraj,โรงพยาบาลที่มีคนไข้มากที่สุด แต่กลับปฏิบัติกับคนไข้ทุกคนอย่างดีที่สุด ถึงแม้คนไข้จะเยอะแค่ไหน พยาบาลและคุณหมอก้อไม่เคยละเลยคนไข้ และปฏิบัติกับทุกคนในมาตรฐานเดียวกัน ตรวจละเอียดเหมือนกัน สอบถามประวัติเหมือนกัน ไม่เคยผ่านเลยจุดใดจุดหนึ่งไป ใส่ใจในทุกรายละเอียด ศรัทธาแพทย์ พยาบาล และพนักงานทั้งหมดในโรงพยาบาลนี้ค่ะ,"Hospital patients with the most. I treat every patient as well. Although patients will do it. Nurses and doctors do not neglect patients. And treat everybody the same standards. Make a resolution For the same history Never one to pass at some point. The attention to every detail, believing doctors, nurses and staff at the hospital now.",5
Siriraj,เจ้าหน้าที่ประกันสังคมบริการดีมาก น่ารักใจดี พยาบาลสวย ใจดีทุกคน ห้องแอร์ก็เย็น คิดว่านอนโรงแรม555 ส่วนตัวผมชอบมาก บริการทุกระดับประทับใจต้องศิริราช รอตรวจรอผลเลือด สรุปเป็น ลำไส้อักเสบ นอนไปครึ่งวันกลับบ้านได้,"Social services staff very lovely, kind, generous, beautiful nurse every room air was cold. I think the hotel 555 Personally, I like a lot Services at all levels have to Siriraj Pending conclusion is awaiting the results of blood inflammatory bowel sleep half the day to go home.",5
Siriraj,คุณแม่ ต้องตรวจจากแพทย์หลายท่าน และแต่ละท่านไม่เชื่อมโยงข้อมูลกัน ทำให้ต้องไป รพ ตามนัด หลายครั้งมากครับ,Many mothers have medical examination. And each of you not to link the data to make the appointments to the hospital several times too.,2
Siriraj,ได้เข้าพบคุณหมอแผนกนรีเวชที่รพ.ศิริราชค่ะ เป็นการตรวจ follow up (ติดตามผล) ในเรื่องของเยื่อบุมดลูกเจริญผิดที่ ท่านเป็นอาจารย์หมอแพทย์หญิงที่น่ารักมากๆเลยค่ะ ท่านยิ้มแย้มเป็นมิตร ซักประวัติเราด้วยความอ่อนโยนต่อผู้ป่วย บอกเราว่าที่เราเป็นโรคนี้ต้องรักษาแบบนี้นะคะ พร้อมทั้งแนะนำว่าต้องปฏิบัติตัวยังไง อาจารย์ท่านอธิบายอย่างละเอียดให้กับเรา ทำให้เรารู้สึกปลอดภัยและอบอุ่นหัวใจมากๆเลยค่ะ และที่สำคัญท่านสอนนักศึกษาแพทย์โดยใช้เคสของเราด้วย ดูท่านอธิบายให้นักศึกษาแพทย์ฟังแล้วท่านทั้งเก่งมากและเมตตาทั้งคนไข้และนักเรียน สัมผัสได้เหมือนกับเจอคนที่ไว้ใจได้มากที่สุด เพราะปกติแล้วการตรวจทางนรีเวชเป็นเรื่องละเอียดอ่อนมากๆ เข้าถึงใจผู้ป่วยอย่างลึกซึ้ง ประทับใจมากๆเลยค่ะ :),"Please see your doctor gynecological department at the hospital. Siriraj me, is the follow up (follow-up) in the uterine lining grow in the wrong place. He is a professor, medical doctor, a lovely lady very much. He is smiling Our history with gentle on the patient. Tells us that we have to treat this disease now. And suggest that it be treated. Teacher carefully explained to us. We felt safe and warm heart, very much. Most importantly, he taught medical students using our case as well. See you then explain to the students and they are very generous, and both patients and students. I feel like the people you trust the most. The regular gynecological examination is a very sensitive issue. Reach deep heart patients Appreciate very much :)",5
Siriraj,สะอาด บริการดีค่ะ,"Clean, good service",4
Siriraj,ปกติจะเขียนรีวิวเกี่ยวกับเหตุการณ์ที่เกิดขึ้นจริงกับตัวเอง  ที่เลือกโรงพยาบาลศิริราช ทำให้ฉันได้เปลี่ยนชีวิตใหม่  เมื่อก่อนตอนสมัย ปวช ดิฉันเป็นสิว คลีนิกที่ว่าดังไปหมด เมื่อใช้ครีมเค้า รักษากับเค้าก็ดีแต่พอยาหมด ครีมหมดก็เป็นสิวเหมือนเดิม  มีคนแนะนำให้ไปรักษาที่ศิริราช แผนกโรคผิวหนัง นอกเวลา  ครั้งแรกที่ไปก็กลัวๆ กล้าๆๆ แต่เมื่อได้พบกับหมอ หมอแนะนำดีมาก ดิฉันไปรักษาตามหมอ 3 ครั้ง หน้าดีขึ้นมาก มีแต่คนทัก  หลังจากนั้นก็หายไม่ได้ไปหาหมออีกเลย,"Regular reviews are written about events that actually happened to themselves. Choose a Hospital I changed life As early days of vocational my acne clinic that out loud. When you use the cream Pleasant enough, but keeping him out drugs. Acne cream, it is the same. It has been suggested to maintain the Siriraj. Department of Dermatology, the first time it scared me, but when I met the doctor. The doctor recommended a very good I went to treatment by a doctor three times a lot better, but I say, then I do not go to the doctor again.",5
Siriraj,คนเยอะมากเพราะเป็นรพ.รัฐ ค่ารักษาถ้าจ่ายเองถูกกว่าเอกชนเล็กน้อย ตรงค่าหมอจะแค่100แต่ค่ายาก็จ่ายเต็ม แต่จัดคิวงง มีใบนัดมาในใบมีเวลานัดชัดเจน แต่พอมารอจริง เรียกก่อนเวลา ถ้าไม่รอตลอดก็จะเลยคิวไป แต่พยาบาลบริการดี มีเจ้าหน้าที่ตามจุด แค่ต้องรอยานานบ้าง,"A lot of people because the hospital states. If the treatment is to pay yourself a little more private. Then the doctor will pay just 100, but the drug was full, but I have an appointment in the queue with a clear timetable. But to be true Call ahead of time If not, it will not wait forever to queue. But nursing services According to the staff Just have to wait for some drugs",3
Siriraj,คลีนิคพิเศษ รพ ศิริราช บริการดี จัดระบบ แยกคัดกรองคนไข้ จัดลำดับการเข้าพบแพทย์ได้ดี ทำให้ได้ตรวจเร็ว คนไข้ไม่ต้องรอนานและไม่ตกค้างมาก,Siriraj Hospital Clinic special service organized separate screening patients. Rate the doctor as well. Make a quick check Patients do not have to wait too long and not much left.,5
Siriraj,ดีค่ะ,Good,4
Siriraj,บริการเป็นเลิศ. ถือประโยชน์ส่วนตนเป็นที่ 2. ดูแลคนไข้เป็นที่ 1,Service is excellent. 2. Hold personal benefit is that patient care is one.,5
Siriraj,เคยไปรักษาสิวที่โรงพยาบาลศิริราชค่ะ ประทับใจเพราะคุณหมอให้คำแนะนำเป็นอย่างดี  จ่ายยาพอเหมาะ ถ้าหากไม่หมดก็ไม่ต้องซื้อ ใช้ยาตามหมอสั่งแล้วได้ผล ข้อเสีย นัดครั้งแรกต้องล่วงหน้า 1เดือน มาครั้งแรกทำตัวไม่ถูก พยาบาลไม่ค่อยแนะนำ บางครัังรอคิวนานทั้งๆที่มาตามเวลา,"Used to treat acne at the hospital here. Impressive because the doctor advised as well. Dispensing moderation If not, do not buy it. Use the medication as the doctor ordered, has the disadvantage of having to first appointment one month prior to the first act improperly. Nursing is not recommended Some sustaining the long queues even at the time.",4
Siriraj,เมื่อวัาที่28/12/59 ได้เข้าไปตรวจตามนัดของคลินิคนารีเวช นึกไปนึกมาเราก็มีอาการผมร่วงมาสัก 2 ปีกว่า ไปตรวจกับคลินิคผิวหนังดีกว่า ว่าแล้วก็ขึ้นไปลงทะเบียนได้คิวที่60 ซึ่งเป็นคิวสุดท้ายของ อ.หมอ แต่เราขอลงไปตรวจที่นารีเวชก่อน พยาบาลแจ้งว่าประมาณ 1 ทุ่ม ให้กลับขึ้นมาตรวจน่ะ แต่ 1 ทุ่มเราก้อยังรรวจไม่เสร็จ ผลสุดท้ายทั้งพยาบาลและอ.หมอ ก็นั่งรอตรวจให้ค่ะ,"When the Waa 12/28/59 The latest follow-up of Clinical Gynecology. I thought we were going to have some hair loss over two years to determine the clinical skin better. Then queue up to register 60. This is the last of the queue. The doctor asked us to check before Gynecology. Nurses reported that around 1 o'clock to 1 o'clock back to check, but we're still not completed the survey. The final result of both nurses and. Doc. I sat waiting for my",5
Siriraj,การวินิจฉันโรคของหมอ  เข้าใจว่าหมอเจอคนไข้ที่ป่วยด้วยเป็นโรคมะเร็งและอยู่ในระยะสุดท้ายมาเยอะ  ต้องพูดซ้ำแล้วซ้ำอีกทำให้อาจเบื่อที่จะต้องพูดอ้อมโรคกับคนไข้ระยะสุดท้าย  แต่ด้วยจรรยาบรรณของหมอก็ไม่ควรพูดเพื่อหยุดการรักษาแล้วบอกว่ารักษาไปก็ไม่หาย  ก็ได้ถือว่ารักษาแล้ว  ด้วยน้ำเสียงตะคอกและเสียงน้ารำคาญอย่างนั้นกับคนไข้  ควรจะบอกดีๆหรือไม่ก็แจ้งข่าวกับญาติก็ได้  คนไข้ที่รู้ตัวเองมันก็สิ้นหวังพออยู่แล้ว  มาเจอหมอพูดแบบนี้จะทำให้คนไข้อยู่ต่อด้วยความสิ้นหวัง   คุณชั่งเป็นหมอที่ไร้ความเมตตาเสียจริงๆ  ควรปรับปรุงด้านการใช้วาทะในการพูดกับคนไข้เป็นอย่างมาก,Diagnostic disease doctor I understand that my patients ill with cancer and was in the final stages as well. He has repeatedly made may be tired of talking indirectly patients with end-stage disease. But with the ethics of the doctors say it should not stop treatment and said treatment is not lost. It is then maintained A voice shouting and the sound is annoying to the patient. Should tell you whether or not it was news to relatives. Patients know that it was hopeless enough. I say this not to make the patient is in despair. Doctor Scales You are merciless and applause. Should improve the use of words to say to patients is tremendous.,1
Siriraj,มานอนโรงพยาบาลศิริราช ห้องพัก ดี แต่ขาดการบริการที่จอดรถ,"The Siriraj hospital room, but the lack of parking.",3
Siriraj,เป็น รพ.รัฐบาลที่ให้บริการอย่างดีเยี่ยม พยาบาลยิ้มแย้มแจ่มใส อาจจะต้องไปเช้าเพื่อได้พบหมอ แต่การรอพบแพทย์ก็ไม่นานจนเกินไป,The hospital serves the government well. Nursing beaming Breakfast may have to go to the doctor. But the doctor did not wait too long.,5
Siriraj,ชีวิตมีค่าในบางเวลาไม่อาจรอได้ เวลามารพ.มักจะต้องทำเองบ้างแต่ก็ดีกว่ารอคะ เพราะเวลาของหมอและพยาบาลมีความสำคัญยิ่งในรพ.ใหญ่แล้วถ้วนแต่แลดูวุ่นวายมาก เพราะฉะนั้นอะไรที่เราสามารถช่วยเหลือตัวเองได้ก็ทำได้ ไปจะได้ไม่เป็นภาระแก่บุคคลใครให้เป็นความล่าช้า,"Life is precious for some time, can not wait. At the hospital often have to do yourself, but it's better than waiting here. Because time is critical of doctors and nurses in the hospital, but then only look more chaotic. So anything we can do to help themselves too. Not to be a burden to people who are delays.",5
Siriraj,หมอให้คำปรึกษากระจ่างดีค่ะ เข้าใจง่าย เจ้าหน้าที่ก็ต้อนรับดีค่ะ พูดจาดี,Doctor consultations radiant good friendly staff will welcome the good things good.,4
Siriraj,พยาบาลดูแลหลังจากคลอดลูกดีมาก บอกและแนะนำดีมากโดยเฉพาะช่วยเหลือเรื่องการให้นมลูกได้ดีจริงๆ ถ้าไม่ได้พยาบาลคอยแนะนำ คอยสอนในทุกเรื่องที่ผู้เป็นแม่ควรทำ เราก็คงทำอะไรไม่เป็นเลย ต้องขอบคุณพยาบาลทุกท่านจริงๆที่ดูแลเราเป็นอย่างดี,Nursing care after birth is very good. I recommend a very good and especially help with breastfeeding really well. If not nurse guides Teach everything that a mother should do. We would not be doing anything at all. Thanks to all the nurses who treated us really well.,4
Siriraj,จริงๆก็ไม่ได้ไปรับการรักษานะคะ แต่บริจาคเลือดค่ะ พยาบาลและเจ้าหน้าที่น่ารักมากๆ... ตอนบริจาคเลือดเสร็จ แกล้งเป็นลม (ตอนนั้นไปกับเพื่อน จะแกล้งเพื่อนเล่นตรงหน้าลิฟ) เจ้าหน้าที่วิ่งมาจากในห้องบริจาคเลือด มาถามใหญ่เลยว่าเป็นอะไรมั้ย ประทับใจมากเลยค่า,"Really, it's not going to be treated well. But not donate blood Nurses and cute ... At the completion of the blood donation faking fainting (then with friends. I pretended to be playing in front of lift) officers donated blood ran from the room. The big question is what is it. Very good value",4
Siriraj,ให้บริการช้า รคิวนานใสก ไปอย่างต่ำเสับเวลาค่อนวัน แยากฝห้ปรับปรุงเรื่องกานบริการ,"The slow service, long queues to a minimum clear Popular Audio Brian takes almost the whole day. แia the training room Gan improve services.",2
Siriraj,หมอเข้าใจลักษณะโรคที่เป็น จ่ายยาตรงโรคกินยา2วันไม่มีอาการ,Understand that the disease is This disease dispense medication two days without symptoms.,4
Siriraj,แพทย์ พยาบาล บุคคลากรทุกส่วนงานเป็นมืออาชีพมากๆรู้วิธีรับมือกับภาวะวิกฤตต่างๆ รวมถึง ปัญหาส่วนตัวของคนไข้เอง และญาติของคนไข้,"Doctors, nurses and staff all very professional and know how to deal with the crisis, including the patient's own personal problems. And relatives of patients",5
Siriraj,ตัวเองได้คลอดก่อนกำหนดที่โรงพยาบาลศิริราชซึ่งไม่เคยคิดว่าโรงพยาบาลรัฐบาลจะบริการได้รวดเร็ว และดีอย่างนี้ เพราะเราเป็นเคทฉุกเฉิน อายุครรภ์25week+5 ตอนแรกจะเข้าไปตรวจเรื่องน้ำคล่ำกับตกขาวเยอะ แต่พอถึงโรงพยาบาลระหว่างจะไปยื่นบัตรน้ำคล่ำไหลออกมาเราก็ตกใจทำไรไม่ถูกเลยเดินไปห้องที่มีเจ้าหน้าที่ยืนอยู่และบอกเค้าว่าน้ำคล่ำไหล แค่นั้นเจ้าหน้าที่รีบหารถเข็นมาให้นั่ง แล้วก็มีเจ้าหน้าที่มาซักประวัติ สักพักก็พาขึ้นไปห้องรอคลอดเพื่อตรวจว่าใช่น้ำคล่ำจริงรึเปล่า คุณหมอทำการตรวจไปซักประวัติไปสรุปเป็นน้ำคล่ำจริงๆเลยต้องนอนรอคลอดเลย ระยะเวลาทั้งหมดรวดเร็วมาก ทุกคนเป็นมืออาชีพใส่ใจคนไข้ ยิ่งกว่าโรงพยาเอกชนซะอีก ทำให้รู้สึกประทับใจมากค่ะ,"Self premature Siriraj Hospital, who never thought the government to service quickly. And this It was Kate emergency Pregnancy 25week + 5 I will check into the water mixed with a lot of vaginal discharge. But by the hospital to submit a full water mixed flows, we do not panic, I went to the room where the officer was standing and told me that the mixed water flow. That staff quickly find a wheelchair to sit. Then there was the official history. Some went to the waiting room to give birth so that water mixed real. The doctor examined the history to conclude a really abundant water to lay bare all. Total time very fast Everyone is a professional patient care. Private hospitals than before. Making very impressed",5
Siriraj,ครั้งนี้ไปพบแพทย์ด้วยอาการประจำเดือนมาไม่ปกติ ก่อนไปก็ปรึกษาคนใกล้ตัวว่าควรไปพบแพทย์ที่ไหนดี มีคนบอกว่าให้ไปศิริราช แว่บแรกคือไม่อยากไป รพ.รัฐรอนานเป็นวันๆแน่ ที่จอดรถก็ไม่สะดวก บัตรคนไข้ก็ยังไม่ได้ทำ แต่ปรากฏว่าไม่ใช่อย่างที่คิดไว้เลยค่ะ เราสามารถเข้าไปสมัครบัตรคนไข้ โดยการลงทะเบียนผ่านเว็บไซต์ของโรงพยาบาลได้ เมื่อได้หมายเลข HN มาแล้ว เราก็โทรไปขอนัดคิวเพื่อพบคุณหมอได้เลย เพื่อนแนะนำให้ไปคลินิกนอกเวลา เสียค่ารักษาแพงขึ้นอีกหน่อย แต่เร็ว ก็เลยโทรไปนัดคุณหมอ ที่นี่ระบบเค้าจะดีมากค่ะเมื่อโทรไปพยาบาลจะนัดเวลาและแจ้งคิวให้เราทราบพร้อมกับบอกให้เรามาก่อนเวลาครึ่งชม. พอถึงวันนัด ก็ไปพบพยาบาลที่หน่วยคัดกรอง ถึงจุดนี้จะต้องชั่งนน.และวัดความดัน ใช้เวลาไม่นานเลย หลังจากนี้ก็ไปนั่งรอตามคิว ซึ่งก็ได้พบแพทย์ตามเวลา(อาจจะก่อนด้วย) การรักษาก็ซักถามละเอียด มีการตรวจอย่างละเอียด ที่สำคัญคุณหมอได้อธิบายทุกอย่างที่คนไข้ถาม ไม่ได้รีบๆตรวจรีบๆทำให้เสร็จ คุณหมอให้อุลตร้าซาวด์ภายใน ให้ตรวจมะเร็งปากมดลูก ขณะที่อ่านผลอุลตร้าซาวด์คุณหมอก็ซักถามประวัติเราไปเรื่อยๆ ผลออกมาก็คือเจอเนื้องอกที่รังไข่ คุณหมอแนะนำให้ผ่า ขั้นตอนหลังจากนี้คือจะต้องส่งเรื่องไปยังคณะกรรมการเพื่อให้คุณหมอหลายๆท่านร่วมกันพิจารณา ว่าเคสของเราสมควรต้องผ่าตัดหรือไม่ ก็จะมีคุณหมอในคณะกรรมการเรียกให้ไปอุลตร้าซาวด์ซ้ำอีกรอบ เนื่องจากการผ่าเอารังไข่ออกจะทำให้ไม่มีฮอร์โมนเพศอีก คุณหมอเลยอยากจะแน่ใจว่าการตัดสินใจจะผ่าตัดเป็นวิธีที่ดีที่สุดสำหรับคนไข้ และพอทุกอย่างเรียบร้อย ก็จะต้องไปตรวจเลือดเช็คสภาพความพร้อมของร่างกายก่อนผ่าตัด ทั้งนี้เพื่อความปลอดภัยที่สุดของคนไข้ การจองห้องก็ไม่ยุ่งยาก พยาบาลจะนัดคิวที่คุณหมอว่างที่จะทำการผ่าตัด แล้วคนไข้ก็สามารถไปจองห้องพิเศษ ซึ่งระบุราคาห้อง ขนาด และแบบของห้องไว้ชัดเจน รวมถึงราคาอาหารด้วย แล้วพยาบาลก็จะแจ้งวิธีเตรัยมตัวก่อนวันมาผ่าตัด การรับประทานอาหารก่อนผ่าตัด โดยรวมๆแล้วการบริการที่ศิริราช ดีน่าประทับใจมากที่สุด พยาบาลก็พูดจาไพเราะ การคำนึงถึงความปลอดภัยก็ดีเยี่ยม ขั้นตอนการบริการก็รวดเร็ว ค่ารักษาก็ไม่แพงเลยเมื่อเทียบกับโรงพยาบาลเอกชน สรุปคือประทับใจที่ศิริราชที่สุดค่ะ,"This time the doctor with symptoms of irregular menstruation. Before consult people close to where they should go to the doctor. Someone said to Siriraj Hospital. Flashing is not possible. Hospital state waiting for a place. Parking was not easy Patient card is yet to be made. But that is not what I expected it. We can be patient card By registering on the website of the hospital. When the number HN then we call to get an appointment queue to see a doctor at all. I recommend going outside the clinic. Keeping up a little more expensive, but as soon as I call the shots, doctor. This system would be very good if the nurse will call to schedule queue and informs us and tell us before the half hour. Then came the day I went to the nurse at the screening. This point needs to be weighed in. And pressure. It did not take long This was after waiting on the queue. It was the doctor on time (maybe before) treatment was detailed questioning. A thorough examination The doctor asked the patient to explain everything. Make no hurry hurry to finish. You provide ultra sound inside. For Cervical Cancer As a result, ultra sound doctor was questioning our history and so on. The results came out, it was found that ovarian tumors. The doctor recommended surgery After this procedure is to refer the matter to the Committee so many doctors jointly. That our case you need surgery or not. I have a doctor on board, called to ultra sound repeated again. The dissection took no ovaries removed to make more testosterone. You want to be sure that the decision is the best way to surgery for patients. Once everything is settled It will have blood tests to check the availability of the body before surgery. To ensure the safety of patients. Booking is easy, Nursing strikes queues at busy doctors to perform surgery. Then the patients were able to book a room. The price and size of the room clearly. Rates include meals Then the nurse will inform the State consigned the day before the surgery. Eating before surgery Overall, the service at Siriraj. Well, the most impressive Nurse's eloquence The safety pleasant visit. The service was fast The treatment is not expensive compared to private hospitals. I was impressed at Siriraj possible.",5
Siriraj,ตอนปลายปี คุณแฟนไปคลอดลูกที่โรงพยาบาลศิริราช ซึ่งเด็กแรกเกิดจะค่อนข้างงอแงและตื่นบ่อย แต่ก็สามารถให้พยาบาลเอาไปอย่ในห้องเนอสเซอรี่ได้ตลอดเวลา ไม่มีอิดออด รวมถึงการดูแลต่างๆ ก็ดีทีเดียว,At the end of your girlfriend to give birth at the hospital. The newborn baby is crying and wake up quite often. But it can be taken care of in a nursery at any time without avoiding the care and quite pleasant.,5
Siriraj,คนเยอะ รอนาน ไม่มีที่จอดรถ พยาบาลไม่สนใจผู้ป่วย ส่วนใหญ่หมออายุยังน้อย ไม่มีประสบการณ์เพียงพอ ต้องมีอาจารย์แพทย์คอยแนะนำ,People do not have to wait for parking. Nurses ignored patient Most young doctors There is no sufficient experience Instructors must have doctor's advice,4
Siriraj,มารับการรักษาตรวจโรคข้ออักเสบรูมาตอยส์ เรียกเข้ามารอพบหน้าห้องแพทย์ให้รอเป็นชั่วโมง (จริงๆ ก็รอได้นะ) แต่ว่าน่าจะมีเก้าอี้ให้คนไข้นั่งรอ เพราะคนไข้ที่เป็นโรคนี้แต่ละคนจะมีอาการปวดข้อกันตลอด ให้มายืนรอนานๆ อย่างนี้ คนไข้กลับบ้านต้องมีอาการกำเริบกันอีกแน่ (เราเป็นต้น),"Check treated arthritis rheumatoid's. Doctors called in waiting room to wait for hours (I was waiting for it), but be patient chairs to sit and wait. Because patients with this syndrome each have pain all the time. To stand to wait any longer for this to patients with relapsing back together again (we are).",3
Siriraj,หมอและพยาบาลห้องคลอดดูแลเอาใจใส่ดีมากค่ะ,Doctors and nurses deliver care very good.,5
Siriraj,หาหมอคลีนิคนอกเวลา   ไปตามนัดหมาย วัดความดัน ได้บัตรคิว ไปนั่งรอหน้าห้องหมอ  แต่สิ่งที่บกพร่องคือ  ไม่รู้ว่าถึงคิวไหน  เรียกแต่ชื่อ ไม่เรียกเลขหมาย และแจ้งว่า ไม่ได้เรียงตามเลข แล้วจะให้บัตรคิวมาเพื่อ?!!,"According to the doctor, clinic appointments outside pressure had to queue waiting rooms, doctors. But what are the shortcomings Q. I do not know the name but not the dialer, and that not by number. Then take a cue card to? !!",4
Siriraj,คุณหมอและพยาบาลเก่งและมีประสบการณ์มากให้ความรู้ตอบคำถามได้ดี ใจเย็น พูดจาเพราะถึงจะมีคนไข้เยอะก็ตาม,Doctors and nurses are very experienced and skilled knowledge spoke calmly answered questions well because I've to be patient.,5
Siriraj,เราพาคุณป้าที่ป่วยด้วยโรคงูสวัดไปหาคุณหมอด้านภูมิแพ้ที่รักษากันอยู่แล้วแต่ด้วยคิววันนั้นเต็มเราก็ไปตามคำแนะนำของเจ้าหน้าที่เป็นคลีนิคนอกเวลาคิดว่าต้องรอจนคนไข้นัดตรวจเสร็จก่อนถึงจะได้ตรวจแต่กลับเป็นว่าเรายื่นบัตรแล้วบอกอาการนั่งร สัก20นาทีก็ได้ตรวจไม่เสียเวลารอคิวนานบางแผนกต้องรอจนคนไข้นัดตรวจเสร็จแต่เราก็เข้าใจ,"We take you so ill with shingles to the doctor for allergy treatment, as well as a cue that day is full, we had to follow the instructions of the authorities is funneled out of the thought of having to wait until the patient appointment before finishing up. but as we've already said ride the filing cards. Make no time was 20 minutes long queues, some departments have to wait until the completion of patient appointment, but we understand.",5
Siriraj,เป็นระเบียบและไม่ค่อยวุ่นวายเท่าไรถึงคนจะเยอะก็เป็นระเรียบและสะอาดค่ะ,Orderly and very chaotic but it is much to be between flat and clean it.,5
Siriraj,มีการเปลี่ยนแปลงเรื่องบริการที่ดีขึ้นในบ้างส่วนทำให้ได้รับบริการที่เร็วขึ้นกว่าเดิมแต่ก็มีในส่วนจองการชำระเงินและการจ่ายยายังคงใช่เวลาในการรอนานเหมือนเดิม ส่วนแพทย์ที่รักษาประจำจะให้ข้อมูลและตอบข้อสงสัยที่ดีมาก,"The service has changed for the better in some parts made services faster than it has in the booking, payment and dispensing still take the time to wait for it. The doctor who treated regularly to provide information and answer questions very good.",4
Siriraj,คนมาใช้บริการ รพ.เยอะมาก การให้บริการยังดีเหมือนเดิม,"People come to hospital, the service also very good as the original.",5
Siriraj,ส่วนที่ไปทำการรักษาคือแผนกจิตเวช โดยรวมแล้วระบบของที่นี่ก่อนหน้านี้ค่อนข้างน่าสับสน แต่ระยะหลังศิริราชปรับให้เป็นระเบียบและเข้าใจง่ายขึ้นมาก การนำเทคโนโลยีเข้ามาปรับปรุงเพื่อแก้ไขปัญหาคนแน่นอย่างบันไดเลื่อนและแบ่งพาร์ตโรงพยาบาลให้มีส่วนที่ให้บริการคล้ายเอกชน ทำให้ประทับใจเรื่องของตัวเลือกในการเข้าถึง(ถึงแม้ส่วนนี้จะดูเป็นการให้บริการแบบต่างมาตรฐาน แต่พอทำความเข้าใจได้เมื่อพิจารณาค่าครองชีพและคุณภาพชีวิตอื่นๆของคนไทย)  หน่วยจิตเวชมีการให้บริการดีและเจ้าหน้าที่ทั้งแพทย์และพยาบาลเป็นมิตร การใช้ท่าทาง ภาษากาย และสีหน้าที่ไม่ทำให้ผู้รับบริการรู้สึกอึดอัด  ในส่วนของการรับยา เกิดปัญหาขึ้นค่อนข้างบ่อย การส่งใบยาไปไม่ถึง ลืมส่งใบยา การให้บริการของเจ้าหน้าที่ที่บางครั้งมีการเสียมารยาท  (โดยรวมไม่ต้องการให้คะแนนน้อย เมื่อปัญหาใหญ่คือทางเลือกด้านสาธารณสุขในประเทศไม่ได้มีมากพอ ฉันจึงมองว่า ปัญหาการจัดการของรัฐต่างหากที่ทำให้โรงพยาบาลรัฐที่มีคุณภาพอย่างศิริราชต้องมาแบกรับมากกว่าโรงพยาบาลอื่นๆ),"The treatment is performed to a psychiatric ward. Overall, the system of this earlier rather confusing. But after Siriraj adjust it in order to understand and easier. The technology to be updated to fix a crowded escalator and divided Park Hospital provides a service similar to private. Impressed the option to reach (although this will serve as an international standard. I understand when considering the cost of living and quality of life of other people, Thailand), a unit of psychiatric services and staff, both doctors and nurses are friendly gestures, body language and the use of color that did not make the recipient feel uncomfortable. As part of the drug A problem occurs quite often, To submit to a drug not forget to submit the drug to the service of the staff are sometimes rude. (Overall not want to give less. The big problem is that the health of the country did not have enough problems, so I think that makes the management of the state public hospital quality at Siriraj Hospital must bear more than others).",4
Siriraj,การบริการถือว่าดีปานกลาง แต่ก็ขึ้นกับแต่ละแผนก แต่การรักษาค่อนข้างมั่นใจว่าดี เนื่องด้วยส่วนใหญ่แพทย์จะมากด้วยประสบการณ์ ที่ไปหาจะเป็นคลีนิคนอกเวลา ซึ่งราคาเมื่อเทียบกับเอกชนแล้วถือว่าโอเคเลยคับ โดยรวมโอเคคับ,"The service is passable But it's up to each department But keeping quite confident that good. Since most doctors are very experienced. To find a part-time clinic. The price when compared to the private sector, then it's considered okay. Overall it's okay",3
Siriraj,ตึกสมเด็จพระศรี10/1บริการดีมากคะถึงจะเป็นห้องสามัญหมอมา7โมงเช้า2เวลาเลยคะหากเคสไหนมีปัญหาเกี่ยวกับโรคแทรกซ้อนในการตั้งครรภ์จะมีหมอเฉพาะทางโรคนั้นๆมาติดตามอาการร่วมวางแผนประชุมอีกที  ยอดเยี่ยมมากคะ,Building HRH 10/1 service to be very good as a doctor of his time at 7 am 2. If this is the case you have problems with complications in pregnancy is a disease that doctors only way to track symptoms. planning meeting again It's great,5
Siriraj,แพทย์เชี่ยวชาญเฉพาะด้าน พยายาบาลให้การช่วยเหลืออย่างดี,Medical specialization The drug ambulance to help as well.,5
Siriraj,พยาบาลเอาใจใส่ดี  พูดจาสุภาพ  คุณหมอก็แนะนำการดูแลตัวเองอย่างละเอียด,Good nursing care polite doctor's advice to take care of themselves thoroughly.,5
Siriraj,เมื่อวานได้ไปตรวจสุขภาพที่โรงพยบาลศิริราชมาค่ะ อย่างแรกที่ประทับใจมากก็คือ หมอพูดจาแนะนำดีมากค่ะ รวมทั้งพยบาลที่อยู่ในนั้นเวลาถามถึง ห้องน้ำอยู่ใหนค่ะ? หรือ ถามเรื่องอื่นๆ ก็จะตอบมาดีค่ะ บริการดีมากค่ะ,I went to a medical examination at a government hospital Siriraj come. The first impression is. He speaks very good advice The Committee in November is the time to ask. Bathroom Where are you? Or ask others It will come good Very good service,4
Siriraj,ตอนแรกที่ชั้นแรกจะวุ่นวายมากเพราะทุกคนต้องผ่านการคัดกรองที่นี่ แต่พอแยกชั้นไปก็จะเร็วขึ้น ตอนนี้มีบันไดเลื่อนช่วยให้ขึ้นลงสะดวก,"At first, the first floor will be very busy because everyone must go through a screening here. But to split it up. Now lets have escalators up and down.",4
Siriraj,ทางรพศิริราชเขาวิเคราะห์สาเหตุของโรค2-3คนเผื่อความแน่ใจดีจร้าถ้าไม่ชัวร์เขาก็ให้ส่องกล้องเผื่อหาสาเหตุที่แน่ชัดมากขึ้น,"Siriraj Hospital, he analyzed the causes of 2-3 people for a certain good with it if he was not sure the exact reason for the laparoscopy for more.",5
Siriraj,ความประทับใจคือการรักษาที่มีเครื่องที่ทันสมัยช่วยรักษาให้เราหายจากการเจ็บป่วย,The impression is maintained with modern machines help keep us recover from illness.,4
Siriraj,การให้บริการมีความรวดเร็ว แต่ขั้นตอนการให้บริการยังไม่ค่อยชัดเจนเท่าไหร่,The service is quick But the service is not yet clear how much.,4
Siriraj,มีระบบการบริหารจัดการดี แพทย์ชำนาญการระดับอาจารย์หมอเยอะ ผู้ป่วยมาก,"A good management system Medical expert-level teachers, doctors have more patients.",4
Siriraj,1. แพทย์บางท่านถามมากไม่ได้คำตอบที่ได้บางครั้งบอกว่าผมไม่ได้ดูโรคนั้นโรคนี้คืดรักษามานานเป็น 10-20 ปีแล้วถามแค่นี้ก็ไม่ได้ 2.ใบนัคตรวจครั้งต่อไปไม่ค่อยชัดเป็นใบบาง ๆ น่าจะทำให้ดีกว่านี้ 3.ระบบรอใบนัด ระบบซื้อยา และชำระเงินบางครั้งช้ามาก น่าจะเป็นไปจ่ายเงินตรงไหนของโรงพยาบาลน่าจะดีกว่า,"1. Some physicians do not ask, the answer is sometimes said that I did not see the plague subconsciously treat this disease for a 10-20 years, I just did not. 2. Make the following Nagpur obviously leaves some will do better than this. 3. Wait appointment system to buy drugs and pay sometimes very slow. Where is the money to pay the hospital could have been better.",3
Siriraj,คนไข้จำนวนมาก อาจต้องรอนานหน่อย แต่การรักษาเป็นมาตรฐาน,Many patients May have to wait a little longer The treatment is standard,4
Siriraj,ไว้ใจ วางใจ เชื่อใจ,"Trust, trust, trust",4
Siriraj,ไปรักษามาก็หลายที่แต่รู้สึกดีกับที่ศิริราชถึงแม้จะรอนานแต่ก็โอเคสำหรับการซักถามและรักษา ยาที่ให้ก็ดูจะใส่ใจว่าควรกินแบบไหน ไม่ใช่มีอะไรก็ให้มา ถึงแม้จะเป็นโรงพยาบาลรัฐที่มีคนมาใช้บริการเยอะแต่บุคลลากรก็มีมากพอที่จะให้บริการ,"To treat it, but many are feeling good about the Siriraj Despite the long wait, but it's okay for interrogation and treatment. The drug seemed to be bothered that they should eat it. No, it has nothing to Despite the government hospital where people come to me, but I have enough personnel to serve.",5
Siriraj,ดิฉันพาลูกไปหาหมอที่ร.พศิริราชมาค่ะไปทุกเดือนเรยเพราะต้องพาน้องไปฉีดวัคซีนค่ะพอดีดิฉันเข้าโครงการแม่วัยรุ่นค่ะโครงการนี้ดีมากเรยค่ะมีค่าเดินทางให้วัคซีนก้อฉีดฟรีพยาบาลประจำโครงการก้อบริการดีพูดจาไพเราะนักศึกษาพยาบาลก่อเฟรนลี่กะเด็กดีค่ะดิฉันคลอดลูกที่นี่ค่ะแล้วก้อมีพี่คนนึงมาชวนเข้าโครงการนี้ค่ะการบริการโดยรวมคือดีมากๆโดยเฉพาะโครงการของ ร.พ ค่ะ,"Take the children to the doctor to drive. The Siriraj come to every race I had to take her to the vaccines not fit me into the teenage mother like this great race it is worth getting the vaccine would inject free nurse. but the service is great eloquence nursing formation friendly's good that I have a baby here, then I think people would invite me into this project, the overall service was very good, especially the project. Associate of the Royal Navy. May it",4
Siriraj,มีโอกาสเป็นคนไข้ของโรงพยาบาลศิริราชซึ่งเราก็ทราบกันดีว่าเป็นโรงพยาบาลรัฐบาลที่ต้องรองรับคนไข้จำนวนมาก แต่พอได้เข้าเป็นคนไข้กรณีกระทันหัน ทำให้ได้ทราบว่าคุณหมอและพยาบาลทุกท่านของโรงพยาบาลรัฐนั้นทำงานหนักมากและไม่มีเวลาส่วนตัวจริง ๆ อีกทั้งอาคารและอุปกรณ์ทางการแพทย์ยังมีจำนวนไม่เพียงพอต่อการรักษาคนไข้ที่มีฐานะไม่ดี จึงได้แค่เพียงร่วมบริจาคเงินสมทบมูลนิธิตามกำลังที่จะพอจะช่วยได้ และขอขอบพระคุณคุณหมอและพยาบาล รวมทั้งเจ้าหน้าที่ทุกท่านของโรงพยาบาลที่คอยดูแลในช่วงที่พักรักษาอาการป่วยที่โรงพยาบาลมา ณ ที่นี้ด้วยค่ะ,"There is a chance the patient's hospital, which we all know is a government hospital to accommodate more patients. But after a sudden case patients. Make sure you know all the doctors and nurses of the hospital is working very hard and there's actually another building, and medical devices also have an insufficient number of patients who are not as good. Has just joined the Foundation as a donation that will be enough to help. And thank you to the doctors and nurses. All staff, including hospital care during the hospital stay to treat patients come here with me.",5
Siriraj,มีแพทย์ผู้เชี่ยวชาญมากมาย ไว้ใจได้ รักษาดี,There are many medical professionals rely on well maintained.,5
Siriraj,พาคุณยายไปผ่าเข่าค่ะ ทั้งคุณหมอและคุณพยาบาล น่ารักมาก เข้าใจคนแก่ ดูแล และเป็นกันเองมากค่ะ คุณหมอและพยาบาลประจำตึกสลากกินแบ่ง ชั้น5 ประทับสุดๆ,"Grandma took me to the laundry. The doctors and nurses were very understanding and caring and very friendly. Doctors and nurses Lottery Building, 5th floor residence around.",4
Siriraj,แพทย์กับพยาบาลที่นี่ทำงานดีมากค่ะ ดิฉันไปตรวจตาตั้งแต่เกิดจนตอนนี้อายุ 20 ก็ยังไปอยู่คนไข้ คนป่วยที่รอคิวตรวจเยอะมาก แพทย์คนนึงรับคนไข้ เกือบ 100 คน แต่แพทย์และพยาบาลที่นี่ก็ยังยิ้มแย้มแจ่มใส ตอนรับคนไข้ ให้คำอธิบาย ชี้แจ้งเรื่องต่างๆให้คนป่วยฟัง ถึงแม้บางคร้งดิฉันก็รู้สึกได้ว่าบุคคลเหล่านี้ทำหน้าที่กันเหนื่อยมาก แต่ก็ทำหน้าที่ได้ดี,Doctors and nurses here work very good. I went to the eye from birth to age 20 is now available to patients. Sick people waiting to check a lot. One doctor received almost 100 patients but the doctors and nurses here have been beaming the patient to give an explanation to clarify matters for the patient listener. Although some InnoTrans I felt that these acts are very tired. It serves well,5
Siriraj,หมอทุกคนตั้งใจทำหน้าที่ตัวเองเพื่อคนไข้ ในแต่ละวันหมอที่ รพนี้ตรวจคนไข้เยอะมากตั้งแต่เช้า หมอเก่งและวินิฉัยโรคได้เม้นยำ ไม่เลี้ยงไข้,"I mean, everyone serves themselves to patients. Each day the doctor This patient hospital very early in the morning. Doc, Excel, and new diagnostic disease has not raised prices Yum fever.",5
Siriraj,มีคนเยอะมาก หมอทำงานหนักแทบไม่ได้พัก แต่ใช้เวลาตรวจแค่3-5นาทีต่อคน,"There's a lot of hard work, he could not stay. The examination takes only 3-5 minutes per person.",3
Siriraj,รักษาดีค่ะ ดูแลเอาใจใส่ ไปแผนกฉุกเฉิน ทุกอย่างดี ยกเว้นพื้นที่ในการรักษา พื้นที่น้อย คนเยอะ,Keeping good care of everything except the emergency department for treatment of a less crowded area.,5
Siriraj,คุณหมอดีมาก แต่หมอห้องแพทย์เวรไม่ค่อยจะโอเคเท่าไร,"Doctor doctor, but the doctor on duty very seldom much okay.",5
Siriraj,ทีอายุแล้วมีอาการเป็นประจำเดือน20วัน ก็มาหาหมอคือพยาบาลทางตึกนารีเวชก็ให้เข้าไปนั่งรอตรวจ คือเป็นอะไรสมัยโรงบาลรัฐดูแลคนไข้ดีมากขึ้น  แต่ก็ยังนั่งรอนานเหมือนกันแต่ก็เข้าใจค่ะ เพราะวันๆมีแต่คนไข้มากหน้าหลายตา มากคนหลายจังหวัด แต่ก็ขอบคุณคุณหมอกับนางพยาบาลดูแลดีมาก หนี้ค่ะประสบการของเรา,"At age then have a period of 20 days. It is up to the doctor to the hospital building had to sit waiting Gynecology. What is a modern state hospital patient care better. But waiting too long, but I understand it. The other day a patient, but a lot of people. A lot of people in several provinces But thanks to the doctors, nurses, care very good. I have a debt to our",5
Siriraj,การบริการทั่วไปดีตามควร. แพทย์ที่รักษาดูแลเอาใจใส่ดีมาก เพียงแค่คนใช้บริการค่อนข้างมากทำให้ช้าไปบ้าง. ทั่วๆไปโดยรวมดี,The service is generally good as it should be. Medical treatment and care is very good. Just use the service rather slow somewhat. General overall good,4
Siriraj,ได้รับการตรวจและรักษาการติดเชื้อ HVP ที่ปากมดลูก โดยหมอสุธี ท่านได้ทำการรักษา 3 ครั้ง โดยครั้งแรกหลังจากตรวจ Pap Smear จากสูตินารีพบว่าที่ปากมดลูกมีเชื้อผิดปกติ ได้เข้าพบหมอและตรวจอย่างละเอียดพบว่าอยู่ในระยะเป็นรอยโรคก่อนเป็นมะเร็ง cin ซึ่งคุณหมอนัดตรวจทุกเดือนอีกครั้งว่าอยู่ในระดับใด พอนัดตรวจอีกครั้งพบว่าเชื้อลุกลาม หมอนัดส่องกล้องที่ปากมดลูกและตัดชิ้นเนื้อไปตรวจ รอฟังผลประมาณ 2 อาทิตย์ ผลที่ออกมาพบว่าเป็นรอยโรคก่อนเป็นมะเร็ง มีความผิดปกติที่ระดับ cin3 รู้สึกตกใจและกลัวแต่ด้วยความที่เราหาข้อมูลเตรียมมาก่อนและเข้าใจสิ่งที่เป็นเลยลดความกลัวลงได้มาก อีกอย่างคุณหมอสุธีเป็นหมอที่เก่ง เลยไม่กลัว หลังจากที่ทราบผลคุณหมอนัดทำการรักษาโดยใช้วิธีตัดปากมดลูกเป็นรูปกรวย เรียกว่า leep หลัวการรักษาจะมีเลือดออกหลังการผ่าตัดประมาณ 1 สัปดาห์ ภายหลังได้รับการรักษาหมอได้นัดตรวจดูผล พบว่าเป็นปกติดี ตอนนี้มีลูก 3 คนแล้วค่ะ,"Get the HVP and treat an infection in the cervix by a doctor, scholar, he has treated three times after the initial examination of obstetrical Pap Smear found that infection with cervical abnormalities. He found a doctor and a thorough examination showed that within a pre-cancerous lesions cin The doctor appointment, every month again at any level. When checked again found the infection from spreading. Doctor appointment endoscopic biopsy of the cervix and cut. Wait for about 2 weeks, the effect is found to be pre-cancerous lesions. Have abnormal levels cin3 shocked and afraid, but we are prepared for it and understood what I was afraid to lose a lot. Also, Dr. Suri is a doctor that he did not fear the outcome doctor appointment treated using cut cervical cone called leep Luo treatment of bleeding after surgery, about one week later. Check the pot shots. Found to be normal now have 3 kids then.",5
Siriraj,ใช้บริการคลินิกนอกเวลา ค่ะ  จนท.ดูแลดีค่ะ  ถึงผู้ใช้บริการเยอะแต่ไม่มีหงุดหงิดค่ะ โดยเฉพาะพยาบาลและแพทย์ค่ะ,Clinical use of part-time service until it. Good care. Users do not fret about it. The nurses and doctors here,4
Siriraj,หมอใส่ใจ ตรวจละเอียด เมื่อพบข้อสงสัยก็ส่งไปเฉพาะทาง,The doctor examined thoroughly attentive when questions were submitted to the technical.,5
Siriraj,เข้ารับการรักษาโดยไม่ได้มีใบนัด พยาบาลยิ้มแย้มต้อนรับอย่างดี ชั่งน้ำหนัก วัดความดันเสร็จก็แจ้งว่าต้องทำอย่างไร ระหว่างรอคิวก็เข้ามาแจ้งเป็นระยะ หลังรับการรักษาอธิบายขั้นตอนการดูแลตัวเองอย่างดี คุณหมอแนะนำและเปิดโอกาสให้ซักถามได้อย่างชัดเจน,"Admitted without an appointment. Nurse smiling reception weight pressure that was done to do. During the waiting period, he was informed. After being treated describes the process of taking care of himself very well. The doctor recommended and the opportunity to ask questions as well.",5
Siriraj,ดิฉันชื่อ ศตพร ละเต็บซัน ดิฉันโชคร้ายเป็นโรครูมะตอย สามปีกว่าจะรู้ตัวว่าเป็น ไปรักษาตามโรงพยาบาลต่างๆก็รักษาไม่หาย ไปหาซื้อยากินเองตามยถากรรม จนได้ย้ายมาทำงานแถวบางบอนเลยได้ประกันสังคมที่โรงพยาบาลบางประกอก8 จึงได้มารักษาตัวที่นี้ แต่เนื่องจากช่วงก่อนหน้านี้ได้ซื้อยามากินเอง ซึ่งมีส่วนผสมของสเตรอยทำให้ตัวดิฉันบวมน้ำหนักจาก 52 จนถึงตอนนี้ 93.3แล้ว ดิฉันเครียดมากไม่รู้จะทำยังไง รักษาที่โรงพยาบาลนี้ก็ไม่หาย ตัวก็บวม หมอก็บอกแค่ว่าให้เลือกเอาจะเจ็บ หรือ จะสวย มีแค่นี้ทางเลือกสำหรับดิฉันจนสุดท้ายบางปะกอก8ทำเรื่องส่งตัวดิฉันไปรักษาที่บางปะกอก 9บอกแค่ว่าเขาชำนาญเรื่องโรคนี้กว่า แต่ดิฉันไปรักษาซักระยะก็ไม่มีอะไรดีขึ้น หลายคนแนะนำให้ไปที่ศิริราช สุดท้ายดิฉันได้พบหมอเฉพาะทาง กว่าจะได้พบต้องทำใบจองหนึ่งเดือนเต็มๆ พอได้พบหมอ หมอมองหน้าดิฉัน บอกว่าดิฉันปล่อยตัวเองจะต้องเข้าครอสลดน้ำหนักด่วน ส่วนโรคที่เป็นยาที่รักษาหมอบอกเลยว่าแพงมาก ยาตกเม็ดละ 100บาทวันหนึ่งคุณต้องกินหลายเม็ด คุณไหวเหรอ? คุณกลับไปรักษาที่เดิมดีกว่าแต่ถ้าเขารักษาไม่ได้คุณให้เขาส่งเรื่องมาที่นี้ มาหาหมอหมอจะรักษาคุณเอง นี้คือสิ่งที่ดิฉันประทับใจแนะนำตรงๆ เพื่อให้คนไข้มีทางเลือกค่ะ,"My name is Prof. Sun's blessing by step I unfortunately suffered Asphalt splitting holes. Three years to be realized. The hospital is to cure incurable. A treatment itself adrift. He moved to work in some but not Social Security Hospital Bangpakok 8. It has come to this hospital. However, due to the previously purchased drugs myself. A mixture of Stephane Roy makes me swell weight from 52 to 93.3, and now I have a very stressful not knowing what to do. This hospital is not lost, it was swelling, the doctor just said to get hurt or will I just have this choice for me to make the last eight Bangpakok sent me to heal the Bangpakok. 9 just said he accomplished than this disease. But I had some time to heal, nothing better. Many people suggest to Siriraj Hospital. I finally found a doctor specialists. Over one month subscription can be made small enough to see the doctor the doctor looked at me. I was told that I would have to cross a quick weight loss. The disease is treated with medication, doctors say it is very expensive drug granules fall at 100 baht a day, you need to take many pills, you know that? Back to preserve the original better, but if he does not treat you send him to come here. The doctor will treat your own doctor. This is what I suggest honestly impressed. So that patients have a choice here.",3
Siriraj,แพทย์ให้การรักษาดี พูดจาดี ถึงจะรอคิวนานแต่ก็ให้บริการดี ประทับใจหมอเก่ง,"Medical treatment is very flattering to wait a long time, but it serves well. I appreciate it",5
Siriraj,ไปแล้วประทับใจกับการต้อนรับและให้คำแนะนำดีค่ะ(คุณหมอก็ใจดี),I was impressed with the hospitality and good advice (doctor was kind).,5
Siriraj,พาคนที่รักมารักษาเบาหวาน เส้นเลือดสมองตีบ ที่โรงพยาบาลศิริราช อยู่ตึก 72 ปี หมอพยาบาลน่ารักทุกคนเลย ขอขอบคุณทุกคนที่ช่วยดูแลยามที่เราป่วย ช่วยกันค้นหาสาเหตุ วันนี้เราจะได้พาคนที่เรารักกลับบ้านพร้อมกับสุขภาพที่ดีเกือบร้อยเปอร์เซนต์ เค้าสัญญาว่าจะดูแลสุขภาพ เพราะชีวิตเค้าต้องทำงานเพื่อแผ่นดิน และดูแลลูก ๆ ขอบคุณโรงพยาบาลศิริราช หมอ และพยาบาลทุกคน ตลอดจนเจ้าหน้าที่ที่ช่วยดูแลมา 5 วัน,"Loved the treatment of diabetes. Cerebral thrombosis The hospital building is 72 years, doctors, nurses, love everyone. Thank you to everyone who helped care when we are sick. Help find the cause Today we will bring our loved ones back home with almost a hundred percent healthy. He promised to healthcare Life because he had to work the land and care for children, thanks to hospital doctors and nurses, everyone. As well as staff to help care for 5 days.",5
Siriraj,คุณหมอใจเย็นมากคะ. น้องพยาบาลก้อน่ารักดี,You know very calmly. I'm a good nurse,5
Siriraj,ลูกชายรักษาภูมิแพ้ที่นี่ทุกครั้งคุณหมอทุกท่านจะดูประวัติน้องตั้งแต่เกิดจนถึงล่าสุดทุกคนดูการรักษาของทุกแผนกที่น้องไปให้คำแนะนำให้กำลังใจและดูกำลังทรัพย์ด้วย แต่ ร.พ.ตามสิทธิแย่,"Allergy treatment son here every time you visit a doctor to look at the history of what happened to the last people to see your department's treatment of all the advice, encouragement and funds associated with it. May. By the worse.",5
Siriraj,คนไข้มากๆ แต่พยาบาลและบุคลากรทุกคนทำงวนหนักแต่ก็มีน้ำใจงามทุกคน. ให้ความกระจ่างและช่วยเหลือทุกด้าน คุณหมอตรวจละเอียดมากแม้จะมีคนไข้มาก,"But many patients, nurses and all staff of hard work, but it's all pretty good. And help clarify all aspects. Your doctor very much, despite the patient.",5
Siriraj,แพทย์มีความน่าเชื่อถือ,Doctors are reliable,4
Siriraj,บริการได้เยี่ยม ผมคนบ้านนอกติดต่อพนักงานมีความเอื้อเฟื่อนดีพูดจาดี,Service was excellent I have reestablished contact hillbilly D. flattering.,5
Siriraj,หมอ พยาบาลน่ารักมาก ดูแล เอาใจใส่ พยายามหาสาเหตุจนพบ มีคุณธรรมในการดูแลผู้ป่วย,"Doctors, nurses, caring, very lovely to finally find the cause. Morality in patient care.",5
Siriraj,เริ่มแรกเข้า ER เนื่องจากคุณแม่ล้ม และไข้ขึ้นสูง ได้พักเตียงที่อาคารเฉลิมพระเกียรติ ชั้น 4 ซึ่งเป็นเตียงสามัญ ไม่ได้ให้ญาติเฝ้า น้องๆๆพยาบาลและน้องๆๆ ผช พยาบาลดูแลดีมากค่ะ เป็นการประทับใจในการให้บริการ,"Initially, the ER because you fell. And high fever The bed has a 4-storey building in honor of the bed. Not to relatives watched Brothers and sisters of other nursing assistant, nursing care very good. The impression of Service",5
Siriraj,ผมได้รับการรักษามะเร็งจนหายดีใช้ชีวิตเหมือนคนปกติครับคุณหมอเก่งจริงๆครับ,"I have been healed of cancer and live like normal people, it's really good doctor.",5
Siriraj,เนื่องจากการรักษาต้องทำการผ่าตัด และฉันเลือกดมยาสลบ รู้สึกกังวลและกลัวมากโดยต้องเข้าพักที่โรงพยาบาลก่อน1วันก่อนหน้านั้นต้องเอ๊กซ์เรย์ปอดกับตรวจเลือดก่อน เข้าไปต้องไปทำขั้นตอนหลายเกินไปรู้สึกไม่ค่อยชอบในเมื่อเรานัดผ่าแล้วควรจะมีจุดรับเรื่องนี้โดยตรงไม่ต้องไปรวมกับคนที่มาตรวจปกติไปตั้งแต่เก้าโมงกว่าจะเสร็จขั้นตอนจนไปถึงห้องพักประมาณเที่ยงหลังจากนั้นก็มีหมอแพทย์หรืออะไรไม่ทราบมาซักถามคนละหนึ่งหรืงสองคำถามก็ไปทั้งวันช่วงบ่ายถึงค่ำ รุ่งขึ้นเป็นวันผ่าตัดให้ตื่นมาเข้าห้องน้ำอาบน้ำเตรียมตัวไปแปดโมงมารับไปห้องรอผ่า ไปถึงก็ซักถามว่ามาผ่าอะไรตรงไหนวัดความดันให้น้ำเกลือเกือบเก้าโมงเข้าห้องผ่าโดนใช้ผ้าล็อคตัวแขนใส่เครื่องวัดอะไรไม่รู้ใส่เครื่องให้ออกซิเจนและฉีดยาเข้าทางสายน้ำเกลือและบอกว่าจะซ่าๆหลังจากนั้นก็ไม่รู้สึกตัวตื่นมาอยู่ในห้องรอผ่าตารู้สึกหนักหรือเคืองพอจับดูมีขี้ผึ้งป้ายเกือบครึ่งชั่วโมงพากับห้องพักดูนาฬิกาบ่ายโมงครึ่ง รู้สึกคอแห้งมีเสมหะกลืนน้ำลายเจ็บมากเหมือนมีอะไรบาดคอวัดความดันตลอดชีพจรและวัดไข้สุดท้ายก็ผ่านมาได้ด้วย,"The treatment requires surgery And I chose anesthesia Feel anxious and very afraid to stay in the hospital one day prior to a lung X-ray, blood tests first. You need to do several steps too felt like when we arranged fabric should have received it directly, do not go with people who came to normally go from nine to finish the process until the room around. noon, then a doctor or do not know to ask one or two questions each day went to afternoon to evening. The next day surgery to wake up to the bathroom to prepare a bath for eight hours to get through the waiting room. To simply ask questions that come through anything where pressure brine nearly nine o'clock, he dissected by using a locking arm to measure what they put on oxygen, and injected into the Salt River and says it repeatedly later. I did not feel I was in the waiting room through the eyes feel heavy or sensitive enough to catch wax label has taken almost half an hour to watch the show room half. Feeling thirsty, sputum, saliva, swallowing hurts like anything cause sore throat, fever, blood pressure and pulse measurement and finally passed by.",3
Siriraj,บริการก็ใช้ได้,Service is available,4
Siriraj,สถานที่คับแคบเมื่อเทียบกับจำนวนคนที่ใช้บริการ แต่บุคคลากรเต็มที่กับการบริการมาก ถึงแม้คนจะเยอะทุกวัน ทุกเวลา แต่คุณหมอ พยาบาล เจ้าหน้าที่ก็พูดจากับคนไข้ดีค่ะ ถึงแม้บางคนจะหงุดหงิดบ้างแต่โดยรวมแล้วน่ารักทุกคนค่ะ,"Confined space compared to the number of people using the service. But staffs with full services. Although it is not every day but every time you speak with patients, doctors, nursing staff was good. Although some people are frustrated, but overall, I love it all.",4