comment;score;en_com
"
เป็นโรงพยาบาลที่ดีมากๆคะเคยรักษาเนื้องอกที่มดลูกพยาบาลเอาใจใส่คนไข้มากๆๆถึงมากที่สุดนอนห้องรวมเหมือนห้องพิเศษเลยคะอยู่ใกล้ชิดพยาบาลตลอดเวลาพยาบาลถามอาการทุกๆ1ชม.ห้องน้ำ เตียงนอน อาหารการกินเค้าดูแลเราเหมือนญาติจริงๆนะคะอาบน้ำเช็ดตัวขอปรบมือให้พยาบาลทุกๆคนจริงๆคะไม่ผิดหวังเลยคะที่เข้ารักษาตัวที่รพ.นี้นะคะประทับใจมากๆคะอยากรักษาที่ศิริราชต่อไปคะขอบคุณคะ
";5;It is a very good hospital. I used to treat tumors in the uterus. The nurse is very patient. The most up to date sleeping room is like a special room. Stay close to the nurse all the time. Take care of us like a real relative. Take a shower. Wipe yourself. I applaud for every nurse. Really, not disappointed at being treated at this hospital. Very impressed. I want to treat Sirirat. Thank you to the punch
"
รพ.ศิริราช คุณหมอและพยาบาลน่ารักมากค่ะ ให้คำแนะนำเกี่ยวกับฌรคดีมาก พาลูกไปตรวจตามนัดคุณหมอให้คำอธิบายดีทุกครั้ง ขั้นตอนการตรวจไม่ยุ่งยากห้องรับยาแยกเป็นสัดส่วน เจ้าหน้าที่ห้องยาให้คำอธิบายยาดี ถึงแม้เวลาเดินทางไป รพ.จะไกลแต่ก็ไม่เหนื่อยค่ะกลับมาสบายใจทุกครั้งคุณหมออธิบายแนวทางการรักษาดีมากไม่ต้องกังวลเรื่องโรค
";5;Siriraj Hospital, doctor and nurse are very cute. Give much advice about the case Take the child to check by appointment. The doctor gives a good explanation every time. Check procedure is not complicated, the room is separated separately. Drug room staff gave a good drug description Even when traveling The hospital will be far away, but not tired. Come back and feel comfortable every time. The doctor explains the treatment method very well. No need to worry about the disease.
"
พาคุณย่าไปรักษาโรคมะเร็ง บริการดี รวดเร็วเป็นกันเอง น่ารักมากเลยค่ะ จากคุณย่าหมอบอกเป็นมะเร็งเต้านมระยะสุดท้ายอยู่ได้อีกไม่นานต้องนอนติดเตียงร้องเจ็บตลอดบอกทรมาร พาย่าไปให้คีโม พาไปรักษาหมอให้ยามาทานเรื่อยๆ จนตอนนี้ย่าดีขึ้นเรื่อยๆแล้วค่ะ จากที่เป็นตอนนั้นตอนนี้ผ่านมา2ปีแล้วค่ะ ย่าแข็งแรง เดินได้ กินได้ปกติจนถึงวันนี้เลย เพราะมีหมอและการให้บริการที่ดีจากทางโรงพยาบาล
";5;Take Grandma to cure cancer, good service, fast, friendly Very cute. From Grandma, the doctor told me that her breast cancer could last for a long time. Paya went to chemo. Take to treat the doctor, give medicine to eat continuously Until now, my grandmother is getting better From that moment, now, 2 years ago Because there is a doctor and good service from the hospital
"
เป็นโรงพยาบาลที่ดีมากๆคะเคยรักษาเนื้องอกที่มดลูกพยาบาลเอาใจใส่คนไข้มากๆๆถึงมากที่สุดนอนห้องรวมเหมือนห้องพิเศษเลยคะอยู่ใกล้ชิดพยาบาลตลอดเวลาพยาบาลถามอาการทุกๆ1ชม.ห้องน้ำ เตียงนอน อาหารการกินเค้าดูแลเราเหมือนญาติจริงๆนะคะอาบน้ำเช็ดตัวขอปรบมือให้พยาบาลทุกๆคนจริงๆคะไม่ผิดหวังเลยคะที่เข้ารักษาตัวที่รพ.นี้นะคะประทับใจมากๆคะอยากรักษาที่ศิริราชต่อไปคะขอบคุณคะ
";5;It is a very good hospital. I used to treat tumors in the uterus. The nurse is very patient. The most up to date sleeping room is like a special room. Stay close to the nurse all the time. Take care of us like a real relative. Take a shower. Wipe yourself. I applaud for every nurse. Really, not disappointed at being treated at this hospital. Very impressed. I want to treat Sirirat. Thank you to the punch
"
รพ.ศิริราช คุณหมอและพยาบาลน่ารักมากค่ะ ให้คำแนะนำเกี่ยวกับฌรคดีมาก พาลูกไปตรวจตามนัดคุณหมอให้คำอธิบายดีทุกครั้ง ขั้นตอนการตรวจไม่ยุ่งยากห้องรับยาแยกเป็นสัดส่วน เจ้าหน้าที่ห้องยาให้คำอธิบายยาดี ถึงแม้เวลาเดินทางไป รพ.จะไกลแต่ก็ไม่เหนื่อยค่ะกลับมาสบายใจทุกครั้งคุณหมออธิบายแนวทางการรักษาดีมากไม่ต้องกังวลเรื่องโรค
";5;Siriraj Hospital, doctor and nurse are very cute. Give much advice about the case Take the child to check by appointment. The doctor gives a good explanation every time. Check procedure is not complicated, the room is separated separately. Drug room staff gave a good drug description Even when traveling The hospital will be far away, but not tired. Come back and feel comfortable every time. The doctor explains the treatment method very well. No need to worry about the disease.
"
พาคุณย่าไปรักษาโรคมะเร็ง บริการดี รวดเร็วเป็นกันเอง น่ารักมากเลยค่ะ จากคุณย่าหมอบอกเป็นมะเร็งเต้านมระยะสุดท้ายอยู่ได้อีกไม่นานต้องนอนติดเตียงร้องเจ็บตลอดบอกทรมาร พาย่าไปให้คีโม พาไปรักษาหมอให้ยามาทานเรื่อยๆ จนตอนนี้ย่าดีขึ้นเรื่อยๆแล้วค่ะ จากที่เป็นตอนนั้นตอนนี้ผ่านมา2ปีแล้วค่ะ ย่าแข็งแรง เดินได้ กินได้ปกติจนถึงวันนี้เลย เพราะมีหมอและการให้บริการที่ดีจากทางโรงพยาบาล
";5;Take Grandma to cure cancer, good service, fast, friendly Very cute. From Grandma, the doctor told me that her breast cancer could last for a long time. Paya went to chemo. Take to treat the doctor, give medicine to eat continuously Until now, my grandmother is getting better From that moment, now, 2 years ago Because there is a doctor and good service from the hospital
"
พาคุณแม่ไปคลินิกนอกเวลา สูตินรีเวช ขั้นตอนคือ ทำบัตร รพ สามารถทำออนไลน์ หรือไปทำที่ตึกopdชั้น 1 จากนั้น เมื่อได้HN โทรไปนัดที่คลินิกนอกเวลา แจ้งชื่อ HN ระบุวันเวลา ระบุชื่อแพทย์หรือไม่ก็ได้ เจ้าหน้าที่รับนัดให้ข้อมูลได้ดี ละเอียด โทรติดง่ายไม่ยากค่ะเมื่อถึงวันนัด มาถึงก่อนอย่างน้อย ครึ่งชั่วโมง -1 ชั่วโมง คนไข้ค่อยข้างเยอะค่ะ รออย่างน้อย 1-2 ชั่วโมงประทับใจคุณหมอ คุณพยาบาล เจ้าหน้าที่ทุกท่าน คบินิกสูตินรีเวช นอกเวลา บริการดีมากๆ 
";5;Take Mom to go to the Obstetrics and Gynecology Clinic. The procedure is to make an online card. Or go to work at the opd building, 1st floor The appointment officer provides good information. The call is easy. It is not difficult. On the day of the appointment Arrive at least half an hour - 1 hour Kubini Obstetrics and Gynecology, part-time service, very good
"
หน่วยจิตเวชศาสตร์ให้การดูแลผู้ป่วยที่มีปัญหาด้านอารมณ์ จิตใจ บรรยากาศภายในแผนกค่อนข้างสบายตา เจ้าหน้าที่ แพทย์ พยาบาล เป็นกันเอง การรับบริการอาจจะไม่ได้เร็วเท่าโรงพยาบาลเอกชนแต่ก็ไม่ได้ช้ามาก ไม่ต้องรีบมารับคิวหมอตั้งแต่เช้ามืด มีระบบนัดคิวผู้ป่วย  มีบริการรับยาแยกออกมาจากผู้ป่วยนอกแผนกอื่นๆ ยกเว้นหลัง 16.00 น.ที่ต้องลงไปรับยาที่ห้องยาชั้น 1 การไปหาครั้งแรกบางครั้งถ้าคนไข้เยอะมากเป็นพิเศษอาจเป็นการทำนัดเพื่อมาในครั้งต่อไปแทน ( แต่เราไปก็ได้ตรวจเลย ) ค่าบริการการให้คำปรึกษา ( ง่ายๆ คือ ค่าหมอ) สำหรับผู้ป่วยใหม่ ไม่นับรวมค่ายา ไม่เกิน 30 นาที 600฿ ครั้งต่อไป 300฿ เราพบหมอเกิน 30 นาทีหลายครั้งมากตั้งแต่ครั้งแรก ก็ได้ราคานี้ หมอใจดี สิทธิ์ก็ตามปกติทั้งจ่ายเอง ข้าราชการ บัตรทอง ประกันสังคม แล้วแต่คน ที่นี่เป็นโรงเรียนแพทย์ ดังนั้น แพทย์จะหมุนเวียนตลอด แต่ก็จะมีอาจารย์แพทย์ประจำ แพทย์ที่หมุนเวียนไม่ใช่นักศึกษาแพทย์ แต่เป็นแพทย์ที่เรียนเฉพาะทาง ก็คือ จิตแพทย์นั่นแหละ ที่นี่ปกติแล้วส่วนใหญ่ถ้าจะมีการแอดมิดคนไข้ก็จะส่งต่อไปที่สถาบันกัลยาฯ นอกจากนี้ยังการทดสอบต่างๆ เช่น การทดสอบไอคิว หรือมีการให้คำปรึกษา การทำจิตบำบัด การเข้ากลุ่ม โดย นักจิตวิทยาคลินิก ด้วย
";5;"The psychiatry unit provides care for patients with emotional and mental problems. The atmosphere in the department is quite comfortable. Medical staff, nurses are friendly. Service may not be as fast as private hospitals, but not very slow. Do not rush to pick up the doctor&#39;s queue from dawn. There is a patient queue system. There is a separate drug service from other outpatient departments except after 16.00 hrs. Which has to go to pick up the medicine at the 1st floor medicine room. The first visit, sometimes if the patient is very special, may be an appointment to come in Next time instead (but we can go check it). Consultation service fee (simple is doctor fee) for new patients. Do not count medicine for no more than 30 minutes, 600 ฿, next time 300 ฿. We see a doctor more than 30 minutes, many times, since the first time. Doctors, therefore, doctors will circulate throughout But there will be a regular medical instructor Doctors who circulate are not medical students. But was a doctor who specialized in the field, was a psychiatrist Usually here, in most cases, if there is an addiction, the patient will be forwarded to Kalya Institute. In addition, tests such as IQ tests Or have counseling Psychotherapy, group attendance by clinical psychologists"
"
ให้การรักษาดี รวดเร็ว มีนักศึกษาแพทย์มาร่วมวินิจฉัยด้วย เนื่องจากข้อมือหลุดจากการเล่นบาส แล้วล้ม การรักษาไม่ได้ถึงกับผ่าดัด รักษาโดยการเอาตุ้มน้ำหนักมาถ่วงที่ข้อศอกเพื่อให้มันยืดออก แล้วจัดข้อต่อให้เข้าที่ ฉีดยาแก้อักเสบ และเข้าเผือกไว้ อีก1เดือนก็มาเอาเผือกแข้งออก มาดอาการ พอหมอเห็นว่าอาการดีขึ้นก็เปลี่ยนมาเป็นเผือกออ่อน
";5;Provide good treatment, fast, have medical students come to diagnose as well. Due to the wrist being dropped from the basketball player and falling, the treatment did not reach the cut. Heal by weighting the elbow to allow it to stretch. Then arrange the joints into place Injecting antibiotics And into taro 1 month later came out to tibia
"
ที่นี่บริการดีมากเลยครับ คนเยอะแค่ไหนเจ้าหน้าที่ก็ทำงานเต็มที่ไม่มีอาการแสดงสีหน้าไม่พอใจให้เห็นเลยครับ เคยพาเพื่อนไปตรวจแล้วเราหาตึกผู้ป่วยไม่เจอ เจ้าหน้าที่ก็พาเราไปถึงที่เลยครับ ต้องรอคิวนานเนื่องจากคนเยอะ แต่เจ้าหน้าที่บริการดีมากเลยครับ สิ่งอำนวยความสะดวกก็มีพร้อมให้บริการคนไข้ โดยรวมแล้วถือว่าพอใจมากเลยครับ #ขอบคุณที่รพ.ให้การดีๆแบบนี้นะครับ
";5;"This service is very good. How many people, the staff is fully working, no signs of facial expression, not satisfied to see it. Used to take a friend to check and we couldn&#39;t find a patient building The staff took us to the place. Have to wait for a long time because of a lot of people But the service staff is very good Facilities are available for patient service. Overall, it is very satisfying. #Thank you at the hospital for this kind of goodness."
"
เรารักษาที่นี้ครั้งแรกด้วยอาการซึมเศร้า พยาบาลยิ้ม น่ารัก พูดเพราะทุกๆคนเลย เขาไม่แสดงออกเลยว่าหงุดหงิด หรือรำคาญผู้ป่วยที่แสดงออกเสียงดัง หรือควบคุมไม่ได้ เราไม่รู้สึกว่าตัวเองเป็นคนแปลกแยก กลับมีเพื่อนคุยในเรื่องคล้ายๆกัน ระหว่างรอคุณหมอ คุณหมอทุกท่านใจดีมากๆเลย เภสัชก็น่ารัก เราเลือกไม่ผิดจริงๆที่รักษาที่นี้ เรารักศิริราชมากๆเลย
";5;"We treat this place for the first time with depression, nursing, smiling, cute, speaking for everyone. He did not show that he was frustrated. Or annoy patients who show loud voices Or can&#39;t control We don&#39;t feel like we are alienated. Have friends to talk about similar things While waiting for the doctor All the doctors are very kind. Pharmacy is cute We choose not really wrong at this place. We love Siriraj very much."
"
บริการเยี่ยมรู้สึกปลอดภัยเมื่อเดินเข้าโรงพยาบาลนี้ ทั้งแพทย์พยาบาลทั้งเก่งและมีความสามารถ ทำให้ผมรู้สึงปลอดภัยและสบาบใจเมื่อเจอบุคลากรที่มีคุณภาพอย่างนี้ มีความประทับใจอย่างมากที่จะกลับไปใช้โรงพยาบาลศิริราชอีกครั้ง ขอบคุณที่คอยดูแลกันมาตลอด ขอบคุณจริงๆครับ หากมีโอกาศจะบอกต่อและใช้บริการอีกครับ  ให้5ดาวไปเลย
";5;Great service. Feel safe when walking into this hospital. Both doctors, nurses, both talented and talented Makes me know how to be safe and happy when I meet this quality person Very impressed with returning to use Siriraj Hospital again. Thank you for taking care of each other Thank you. If there is an opportunity to tell and use the service again, let 5 stars go.
"
เราเกิดที่ รพ นี้ค่ะ สมัยก่อนแม่บอกเราว่าคุณหมอและพยาบาลทุกคนที่นี่จัยดีดุแลดีไม่เลือกปฎิบัตร จนกับรวยค่ะ รักที่นี่ปัจจุบันเราไม่เคยรักษาตัวที่นี่เพราะเราแข็งแรงดีค่ะส่วนตัวเพราะที่นี่รักษารนรวยคนจนเท่ากันเพื่อประชาชนที่หาเช้ากินค่ำอย่างเราๆค่ะคุณหมอก็เก่งทุกคนค่ะแฟนเตยถุกรถชนแล้วรักษาที่ศิริราชอาการแฟนก่อน รพ.เอกชนที่นึงจะส่งต่อไปศิริราชบอกไห้เราทำไจไม่ไช่50-50แต่30-70เราร้องไห้จนจะเปนบ้าแต่ รพ.ศิริราชทำไห้เราได้แฟนกลับมาและปกติทุกอย่างขอบคุณจริงๆค่ะ
";5;"We were born at this hospital. In the old days, my mother told us that every doctor and nurse here is good. I don&#39;t choose to be a cardholder until I get rich. Love here today. Personally, because here he treated the rich and poor people equally for the people who were in the dark as we were. The doctor was good at all. One private hospital will be sent. Siriraj told us to make Jaime not 50-50 but 30-70. We cry until it is crazy. Siriraj Hospital made us get fans back and normal. Everything. Thank you."
"
ประทับใจมากๆเลยครับผมเป็นโรคธาลัสซีเมียตั้งแต่กำเนิดและก็ได้รับเลือดที่โรงพยาบาลศิริราชจนผมได้รักษาปลูกถ่ายไขสันหลังทำให้ปมหายจากอาการผิดปกติที่เกิดขึ้นแต่เพราะโรคธาลัสซีเมียเป็นโรคที่ไม่หายขาดแต่โรงพยาบาลนี้ก็ทำให้ผมได้ใช้ชีวิตปกติแบบคนอื่นได้ครับทั้งนี้แล้วสำหรับตอนนี้ผมยังคงต้องตรวจเลือดตลอดเวลาที่คุณหมอนัดเพื่อดูดีเอ็นเอและค่าต่างๆของร่างกายและยังต้องตรวจตาอีกด้วยซึ่งการตรวจทุกอย่างผมตรวจที่โรงพยาบาลศิริราชครับ
";5;"Very impressed. I was a thalassemia from birth and received blood at Siriraj Hospital until I had treated my spinal cord transplantation caused by abnormal symptoms but because of thalassemia It is a disease that is not cured, but this hospital has allowed me to live the normal life of others. For now, I still have to check the blood all the time that the doctor has arranged to see the DNA and the body&#39;s values and also have to check the eyes as well, which I checked at Siriraj Hospital."
"
คุณหมอ รวมถึงผู้ช่วยพยาบาลและบุคคลากรของโรงพยาบาลดูแลดีครับ ใช้คำพูดน่าฟังสุภาพเป็นกันเองต่อผู้ป่วย ตอนที่เกิดอาการหอบรีบไป โรงพยาบาล คุณหมอรีบเข้ามาดูอาการแล้วใช้เครื่องพ่นยาพ่นให้ ทำให้สบายขึ้นหายใจได้ดีขึ้น หลังจากพ่นยาก็ยังคอยดูแลอีกซักระยะจนหายดีคุณหมอจึงจ่ายยาให้กลับพักผ่อนที่บ้านได้ รวมๆแล้วโอเคกับโรงพยาบาลที่นี่ครับ
";5;Doctor, including nurse assistant and hospital staff, take good care of Use words to listen to, be polite, friendly to patients. When the symptoms arose, rushed to the hospital. The doctor quickly came to see the symptoms and then used the sprayer to spray. Makes it easier to breathe better After spraying, he was still looking after another period of time until he recovered. Overall, okay with the hospital here.
"
เนื่องด้วยตัวเราเองป่วย และต้องรักษาตัวที่โรงพยาบาลศิริราช มาหลายปี การที่มาที่โรงพยาบาลนี้บ่อยๆทำให้สังเกตเห็นได้ว่า บุคคลากรที่นี่มีคุณภาพมากๆ ระดับดีเยี่ยมเลยจริงๆ ประทับใจตั้งแต่ พนักงานรักษาความปลอดภัย พนักงานเคลื่อนย้ายผู้ป่วย พยาบาล จนกระทั่งหมอ ประทับใจไปหมดทุกอย่างเลยจริงๆ วันนี้ตั้งใจเขียนกระทู้นี้ ให้กำลังใจทุกๆคนที่ทำงานในศิริราช พนักงานรักษาความปลอดภัยเราสังเกตว่าเขาจะตรวจดูในอาคารด้วย เดินดูทั่วอาคารเลย ดูแลความปลอดภัยดีมาก เวลาจะข้ามถนน ที่นี่ คนเดินเท้าใหญ่กว่ารถ และรถเข็นคนไข้ ใหญ่ที่สุด คือถ้ามีรถเข็นจะข้ามปุ๊บ โบกให้รถยนต์จอดก่อนเสมอ พนักงานเคลื่อนย้ายผู้ป่วยเป็นอีกหน่วยหนึ่งที่ปลื้มใจสุดๆเมื่อวานสดๆร้อนๆ เราเองต้องนั่งรถเข็น ฝนก็ตก เราเองจะไปจากตึกสยามมินไปโรงอาหาร ก็ให้แม่เข็นไปให้  พอ พี่พนักงานเห็น เขารีบเข้ามาถามว่า ไปไหนครับ เดี๋ยวผมเข็นให้ พอไปถึงหน้าโรงอาหารมันมีน้ำขังจากฝนตกอยู่ เราเห็นแล้วก็จะบอกว่า พี่ส่งตรงนี้ก็ได้คะ เดี๋ยวจะเดินไปเอง(ใช้ไม้เท้าเดิน) กำลังจะอ้าปากพูดเนี่ยแหละคะ ขาพี่แกก้าวลงน้ำมาแล้ว ทุ่มตัวสุดๆ (รู้สึกผิดในใจ) รองเท้าผ้าใบจมเกือบมิดเลยคะ มันต้องอับไปทั้งวันแน่ๆเลย พอถึงที่ เราก็ยกมือไหว้ขอบคุณ พี่พนักงานยกมือรับไหว้ บอกไม่เป็นอะไรครับ แต่รองเท้าพี่แก แฉะเลย ซึ้งใจมากๆ
";5;"Because we are sick And have to be treated at Siriraj Hospital for many years. The visit to this hospital frequently makes it noticeable that Staff here are very quality. Really good level Impressed since Security guard The staff moved the patient, the nurse until the doctor really impressed everything. Today I intend to write this post. Encouraging everyone working in Siriraj Security guard We noticed that he would check in the building as well. Walk around the building Very good security When crossing the road here, pedestrians are bigger than cars. And the largest patient cart is if there is a wheelchair to cross Always waving the car to park first Patient moving staff Is another unit that is most grateful for a fresh yesterday We have to take a wheelchair to rain, we will go from Siam Min Building to the cafeteria Then gave the mother to go enough to see the employee He hurried to ask where he went. When he reached the front of the cafeteria, it had water from the rain. We saw and said that You can send it here. I will walk on my own (use a walking stick) to open my mouth. The older brother stepped down in the water and threw the most (feeling guilty in his mind). It must be a whole day. The employee raises his hand to accept. Say nothing But Pee Ka&#39;s shoes are so grateful."
"
ไปพบคุณหมอที่ศิริราชแผนกจิตเวชเป็นคลินิกพิเศษนอกเวลา คุณหมอเก่งมากๆ พูดจาดี ใจดีมากๆ พยาบาลก็น่ารัก สอบถามเรื่องอะไรก็ตอบอย่างละเอียด ไม่เหวี่ยงไม่วีนเลยค่ะสถานที่ก็ดีค่ะ สะดวกสบาย ทางรพ.จัดได้เป็นระบบระเบียบ  สามารถนัดเวลาไปพบคุณหมอได้ค่ะ รอไม่นานเพราะไปตามเวลาที่นัด ถึงจะเป็นคลินิกพิเศษนอกเวลา แต่ค่าหมอไม่แพงเลยค่ะ ค่ายารักษาราคาจะอยู่ที่ยาแต่ละตัวที่คุณหมอจ่ายค่ะ โดยรวมแล้วดีมากค่ะ
";5;"Go to see a doctor at Siriraj. Psychiatric department is a special part-time clinic. The doctor is very good, speak good, very kind, nurse is cute Ask about anything, then answer thoroughly. Don&#39;t swing without it. The location is good. Convenient. The hospital can be organized as a regulation system. Can make an appointment to meet the doctor Waiting for a long time because it was time Even though it is a special part-time clinic But the doctor&#39;s fee is not expensive The price of the medication will be in each medicine that the doctor pays. Overall very good."
"
โรงบาลศิริราช ถือว่าดีอำดับต้นๆของประเทศเลบ หมอบริการดี พูดจาดี รักโรงบาลนี้สุด เพราะเคยไปใช้บริการมาหลายครั้ง พยาบาลพูดจาเป็นกันเอง เข้าใจผู้ป่วย ไม่รอนาน ไม่มีโรงบาลไหนดีเท่านี้แล้วละครับ ผมเคยไปนอนที่โรงบาลนี้ เหมือนปลายปีก่อน ตอนนั้นไปติดหวัดจสกการไปเที่ยวต่างประเทศ กลับมาเป็นไข้หวักหนัก เลยแอดมิทที่ฌรงพยายาบนี้ ค่าใช้จ่ายไม่แพง ดีกว่าเอกชนไปอีก 
";5;Siriraj Hospital Considered that the best of the country, Leb, doctor, good service, good speech, love this hospital Because he used to use the service many times Nurses speak friendly Understand the patient, do not wait for long, there is no hospital anywhere as good as this. I used to go to sleep at this hospital. Like last year At that time, caught a cold, traveling abroad. Came back as a heavy fever Loi Admit at Chiraphaya Yap Cost is not expensive Better than private
"
กำลังรักษากับหมอหนังศรีษะที่โรงพยาบาลแผนกผิวหนังชั้น 4 ตึกผู้ป่วยนอก ดีมากค่ะให้การรักษาที่ได้รับผลกระทบน้อยที่สุด เคยรักษาที่โรงพยาบาลอื่นแต่ก็กังวลกับผลข้างเคียงตลอดเลย แนะนำให้ไปในเวลาก็ได้ถ้าสามารถไปได้ในวันธรรมดาเพราะค่ารักษาจะถูกกว่าคลินิกพิเศษ ส่วนตัวเคยไปทั้งสองคลินิกแล้วให้การรักษาดีทั้งคู่ คิวของที่ศิริราชไม่ได้รอนานถ้าเราไปตามวันเวลาที่นัดสำหรับผู้ป่วยใหม่นั้นแนะนำ1.ให้เสียเวลาวันหนึ่งไปทำบัตรผู้ป่วยก่อน ชั้น 1 แต่จำตึกไม่ได้เสร็จแล้วก็ทำการนัดคิว2.ให้มาตามคิวที่นัดได้เลย3.พอตรวจเสร็จก็จะมีการทำนัดครั้งถัดไป
";5;"Being treated with a scalpel at the skin department hospital, 4th floor, outpatient building Very good. Give the least affected treatment. Used to be treated at other hospitals, but still worried about side effects Recommend to go at any time if you can go on weekdays because the treatment fee is cheaper than a special clinic Personally, I used to go to both clinics and give good treatment to both of them. The queue of Siriraj didn&#39;t wait long if we followed the date of appointment for the new patient. 1. To waste time, one day, to make a card before the 1st floor 2. Come to the queue at the appointment. 3. Once the examination is completed, the next appointment will be made."
"
บริการดีมาก ตอนแรกได้ยินคำร่ำลือมาว่ารอนานมาก แต่พอไปจริงๆ ทุกอย่างเป็นระบบมาก คือไม่ได้รอนานอะไรเลย หรืออาจจะเป็นเพราะเราไปคลินิคนอกเวลา ^^ ส่วนในเรื่องของการรักษาโอเคมากคะ ขนาดเรารู้ว่าเราเป็นอะไร แต่ตั้งใจไปที่นี่ครั้งแรกเพื่อที่จะเริ่มตรวจใหม่ทั้งหมด แจ้งอาการไปคุณหมอเหมือนทราบทันที  ทีนี้แต่รอผลเลือดยืนยันเท่านั้น 
";5;The service was very good. At first I heard the rumor that it had been waiting for a long time. Is not waiting for anything Or maybe because we went to a clinic outside of time ^^, in terms of treatment, very ok Size, we know what we are But intend to go here for the first time in order to start a new examination Inform the doctor immediately. Now, but wait for the blood to confirm only
"
เป็นโรงพยาบาลที่ดีมากค่ะบริการดีหมอดีมากๆค่ะ คือวันที่ฉันไปตอนเช้าค่ะ มีการบริการที่ดีมากจองคิวได้ไวมากค่ะ โรงพยาบาลทำให้เรารู้สึกปลอดภัยที่จะมารักษาโรคค่ะ พาพบกับคุณหมอคือคุณหมอที่นั้นใจดีมากค่ะแนะนำให้คำปรึกษาเราละเอียดดีมากและที่สำคัญรักษาโรคได้เชี่ยวชาญมากเป็นคุณหมอที่ดีมากๆทุกคนเลยค่ะ ตอนบริการจ่ายยาก็รอไม่นานค่ะ ในตัวโรงพยาบาลกว้างขว้างมากมีห้องพิเศษรองรับคนไข้เยอะมากค่ะ
";5;"It&#39;s a very good hospital. Good service, very good doctor. Is the day I go in the morning There is a very good service. Booking queue is very sensitive. The hospital made us feel safe to come and heal the disease. Meet the doctor, the doctor who is very kind. Suggestions, give us a very detailed and very important treatment, can be very expert, a very good doctor. When the dispensing service was waiting, it was not long. The hospital is very wide, with a lot of special rooms for patients."
"
มาหาหมอจิตแพทย์ครั้งแรกที่นี้ ประทับใจการดูและและพูดของคุณหมอมาก ขอบคุณพยาบาลและเจ้าหาที่ทุกคนค่ะ กล้าบอกเลยว่าค่อนข้างกลัวเพราะระแวง ยิ่งอ่านรีวิวยิ่งกลัวเกี่ยวกับการเข้าพบจิตแพทย์ กลัวโดนด่า กลัวโดนติ กลัวคนขึ้นเสียงใส่ แต่คุณหมอสุภาพมาก และกำชับว่าที่เราเป็นมีทางรักษาให้หายได้ ขอบคุณกำลังใจและสติดีๆจากคุณหมอของศิริราชด้วยค่ะ ไปโรงพยาบาลอื่นจะเดินทางงงกับตึกต่างๆ แต่ทาง รพ.ศิริราชมีการจัดการระบบต่างๆ และตึกต่างๆทำให้เดินหาสถานที่ได้โดยไม่ต้องเสียเวลามากด้วยค่ะ
";5;"Come to the psychiatrist first time here Impressed by watching and and speaking of Dr. Morakot Thank you to the nurse and you are looking at everyone. Dare to say that it is quite scary because of suspicion. The more you read the reviews, the more afraid of getting into a psychiatrist. But the doctor is very polite And urged that we have a cure Thank you for your support and goodness from Siriraj&#39;s doctor. Going to another hospital will be confused with various buildings, but the Siriraj Hospital has various management systems. And various buildings make walking to find a place without wasting much time too."
"
โรงพยาบาลศิริราชเป็นโรงพยาบาลขนาดใหญ่ระดับต้นของประเทศ และมีคนไข้ไปรักษาที่นี่เยอะมากๆ เพราะวินิจฉัยโรคได้แม่นยำ และศักยภาพในการรักษาที่เพียบพร้อม คุณหมอใจดีมากๆ ทั้งที่คนไข้แต่ละวันมีจำนวนมาก แต่จากการวางระบบต่างๆที่ยอดเยี่ยม ทำให้ไม่เกิดความสับสนต่อคนไข้ และสะดวก รวดเร็วมาก ตั้งแต่ขั้นตอนการทำบัตร จนกระทั่งรอคิว และได้เข้าพบแพทย์ สามารถทำบัตรผู้ป่วยออนไลน์ได้ และยังสามารถนัดตรวจคลินิกพิเศษออนไลน์ได้ด้วย ประทับใจมากๆ
";5;"Siriraj Hospital is the country&#39;s first large-scale hospital. And there are a lot of patients to treat here Because the diagnosis is accurate And the full potential of treatment The doctor is very kind. Both the daily number of patients But from placing various excellent systems Making it not confusing to the patient and very convenient since the card making process Until waiting for the queue And got to see a doctor Can make a patient card online And can also make an appointment for a special clinic online with great impression"
"
คุณหมอเข้าของไข้ผ่าตัดดี แต่นศพ ดึงสายเลือดออก จึงต้องทำให้ผ่ารอบสอง ต้องโทรหาอาจารย์ตลอดการผ่า รอดตายมาได้ จนทำให้คอเป็นถึงทุกวันนี้ คอยึด คอตึง กลืนยาเม็ดใหญ่ไม่ได้ พยาบาลแผนกคอนิสัยน่ารักแต่แผนงรังสี หมอดีค่ะ ให้คำปรึกษาดี ทุกอย่างโอเคหมด แย่ตรงผ่าคอรอบสองครั้งนั้นค่ะ จนเป็นปีแล้ว คอก็ไม่ดีขึ้นค่ะ
";1;The doctor entered the surgical fever well, but the body pulled out the blood line. Therefore having to make a second round Have to call the teacher throughout the life of the cut until the neck is today The nurse in the neck department is cute, but the radiation plan is good. Everything is ok. Poor in the neck, around that time, until a year, then the neck is not better.
"
หมอสามารถให้คำปรึกษาได้ดีมาก ติดตามอาการการรักษาตลอด ไปหาหมอด้วยอาการปวดข้อเข่า หมอสามารถให้คำปรึกษาได้ดีมาก ติดตามอาการการรักษาตลอด ไปหาหมอด้วยอาการปวดข้อเข่า หมอสามารถให้คำปรึกษาได้ดีมาก ติดตามอาการการรักษาตลอด ไปหาหมอด้วยอาการปวดข้อเข่า หมอสามารถให้คำปรึกษาได้ดีมาก ติดตามอาการการรักษาตลอด ไปหาหมอด้วยอาการปวดข้อเข่า 
";5;The doctor can give very good advice. Keep track of symptoms throughout the treatment. Go to the doctor with knee pain The doctor can give very good advice. Keep track of symptoms throughout the treatment. Go to the doctor with knee pain The doctor can give very good advice. Keep track of symptoms throughout the treatment. Go to the doctor with knee pain The doctor can give very good advice. Keep track of symptoms throughout the treatment. Go to the doctor with knee pain
"
อาการนิ้วมือ นิ้วเท้า ชา ตลอดเวลา มกมากกว่า 1 ปี เคยรักษาแบบเวชศ่สตร์ฟื้นฟูกฌดีขึ้นเป็นพักๆ แล้วก็กลับมาเป็นอีก แรกๆนึกว่าเป็นเพราะหมอนรองกระดูกที้คอ และหลังเสื่อม จึงเป็รสาเหตุให้ชา แต่คุณหมอเวขศาสตร์บอกว่ายังไม่น่าใช่ ให้ลองพบหมอ neuro ดูก่อนคุณหมอ neuro ตรวจแล้ว พยว่าเส้นประสาทอักเสยเล็กน้อย ให้ทานสิตามินบำรุงแก้ชา
";4;Symptoms of the fingers, toes, and numbness over the course of more than 1 year Then returned First thought that because of the neck pillow And after degeneration Therefore causing tea But the doctor said that it is not quite right To eat and nourish the tea
"
ไปผ่าตัดเนื้อบอกในสมองเมื่อปี 2546 หมอทำให้ดิฉันเดินไม่ได้มาจนปัจจุบันเป็นเวลา 15 ปีแล้ว ซึ่งน้าชายของดิฉันก็จบแพทย์จากที่ศิริราชแล้วหมอที่ผ่าตัดให้ดิฉันก็จบหลังน้าชายของดิฉันอีกทำให้ดิฉันผิดหวังกับการรักษาในครั้งนี้มากๆเลยค่ะซึ่งครอบครัวฉันก็ไม่ได้มีฐานะอะไรมากมายเลยตาเป็นข้าราชการบำนาญยายเป็นแม่บ้าน
";1;Went to surgery to tell the body in the brain. In 2003, the doctor made me not walk until now for 15 years. My male aunt finished his doctor from Siriraj. Disappointed with this treatment so much that my family did not have much status as a pensioner, grandmother, a housewife.
"
วันนี้ไปหาหมอศิริราช พอดีมีไข้ขึ้นสูง ไอจนเจ็บขึ้นสมอง อ่อนเพลียมาก ไอจนเจ็บหน้าอก ท้องเสีย ไข้ขึ้น ตอนแรกพยาบาล(เสื้อสีฟ้า)ที่อยู่ตรงยื่นบัตรเค้าบอกว่าไม่มีคิวให้คนไข้มาแจ้งตรงพยาบาลคัดกรองด้านหน้าสุดของตึก ย้ำ(พยาบาลที่อยู่หน้าสุด ตรงประชาสัมพันธ์) เราเดินมาเจอพยาบาลคนแรกเค้าก็เลยบอกว่าต้องรอรถเพราะถ้าเราไม่ไหวก็ต้องรอรถ จนเค้าคุยกับพยาบาลคนที่สองคนที่สองถามอีกครั้งว่าเป็นอะไร เราก็บอกเค้าบอกอาการไปอีกครั้ง พยาบาลบอกว่าเพราะไอใช่ไหมก็เลยเจ็บ เราก็บอกว่า เรามีไข้ขึ้นมาก อ่อนเพลีย ยืนจนไม่ไหวแล้ว พยาบาลคนนี้ก็บอกว่าเพราะไอเยอะมันก็เจ็บหน้าอก พยาบาลแจ้งว่าคนไข้ไอแล้วเจ็บมันเป็นเรื่องปกติ (คนนี้พูดไม่ดีเลย ไม่ดีเลยตะคอกใส่อีก แล้วพยาบาลก็พยายามบอกว่าไม่รู้มีคิวไหม) จนเรารอไม่ไหวก็เลยตัดสินใจไปร.พ.เอกชน สรุปว่าคือเราเป็นไข้หวัดใหญ่ สายพันธ์ A แค่อยากจะบอกพยาบาลว่า ถ้าเราไม่ป่วยเราคงไม่ไปร.พ.หรอก แล้วคำพูดที่ตะคอกใส่คนไข้อ่ะ มันไม่โอเค เพราะเค้าป่วยเค้าก็ไม่โอเคแล้วคุณเป็นพยาบาลอ่ะคุณมาพูดไม่ดีใส่เค้าอีกอ่ะ มันไม่โอเคค่ะ กับพยาบาลด้านหน้าตึกตรงประชาสัมพันธ์
";3;"Today went to Siriraj. Fit with high fever Coughing up to the brain, fatigue, coughing, chest pain, diarrhea, fever Emphasize (nurses at the front end At the public relations), we walked to meet the first nurse, so he said he had to wait for the car because if we were unable to do it, we had to wait for the car. Until he talked to the second nurse, the second person asked again what was We told him to tell the symptoms again. The nurse said that because of coughing, right? So hurt. We said that we had a lot of fever, weakness, standing until we couldn&#39;t. This nurse said that because of a lot of cough, it was chest pain. The nurse informed that the patient was sick and it was normal. (This person doesn&#39;t speak well Not good at snapping again. Then the nurse tried to say that he didn&#39;t know if there was a queue) until we couldn&#39;t wait, so he decided to go to a private hospital. Concluded that we are a flu strain, just want to tell the nurse that If we are not sick, we will not go to the hospital. And the words that shouted at the patients, it was not okay because he was sick, he was not okay, then you are a nurse. It&#39;s not ok. With nurses in front of the building at the reception"
"
โรงพยาบาลมีคลินิคผู้ป่วยนอก มีคนมาใช้บริการเยอะมาก แต่ผู้ให้บริการ ผู้ช่วยเข็น พยาบาล ก็ปฏิบัติต่อทุกคนเท่าเทียมและเป็นมิตร มีรอยยิ้ม มีการบริการที่ดี ให้คำแนะนำที่ดี ให้คำอธิบายต่างๆด้วยความใส่ใจและช่วยเหลือดีมาก ความประทับใจนี้ทำให้ลืมเรื่องรถติดและคนมากมายไปเลย ที่ประทับใจคือคุณหมอให้เวลากับคนไข้ ให้ความรู้และอธิบายอาการของโรค สอบถามและใส่ใจในอาการของคนไข้ดีมากค่ะ ทำให้คนป่วยมีความรู้สึกสบายใจที่อยากจะมารักษาที่นี่
";3;"The hospital has an outpatient clinic. There are many people using the service. But the nurse assistant service provider treats everyone equally and friendly, with a smile, good service. Give good advice Giving various explanations with great care and help This impression made me forget about stuck cars and many people. The impression is that the doctor gives time to the patient. Provide knowledge and explain the symptoms of the disease Ask and pay attention to the patient&#39;s condition very well. Make people feel comfortable feeling that they want to be treated here"
"
เป็นโรงพยาบาลใหญ่ ที่อุปกรณ์ครบครัน เดินทางไปสะดวก คุณหมอและพยาบาลใส่ใจคนไข้ ดูแลดีมากๆ
";5;Is a big hospital Fully equipped Convenient to travel The doctor and nurse cares for the patient. The care is very good.
"
สอบถามค่ะ มีใครจองคิวกับเว็บนี้แล้วได้คิวจริงๆบ้างคะแบบไปแล้วรักาาได้เลย คือกลัวเสียเวลา
";5;Inquire. Has anyone booked a queue with this website and got a real queue? Is afraid of wasting time
"
โรงพยาบาลมีคลินิคผู้ป่วยนอก มีคนมาใช้บริการเยอะมาก แต่ผู้ให้บริการ ผู้ช่วยเข็น พยาบาล ก็ปฏิบัติต่อทุกคนเท่าเทียมและเป็นมิตร มีรอยยิ้ม มีการบริการที่ดี ให้คำแนะนำที่ดี ให้คำอธิบายต่างๆด้วยความใส่ใจและช่วยเหลือดีมาก ความประทับใจนี้ทำให้ลืมเรื่องรถติดและคนมากมายไปเลย ที่ประทับใจคือคุณหมอให้เวลากับคนไข้ ให้ความรู้และอธิบายอาการของโรค สอบถามและใส่ใจในอาการของคนไข้ดีมากค่ะ ทำให้คนป่วยมีความรู้สึกสบายใจที่อยากจะมารักษาที่นี่  
";5;"The hospital has an outpatient clinic. There are many people using the service. But the nurse assistant service provider treats everyone equally and friendly, with a smile, good service. Give good advice Giving various explanations with great care and help This impression made me forget about stuck cars and many people. The impression is that the doctor gives time to the patient. Provide knowledge and explain the symptoms of the disease Ask and pay attention to the patient&#39;s condition very well. Make people feel comfortable feeling that they want to be treated here"
"
ดิฉันมีอาการสะอึกไม่หยุดทุกๆครึ่งชม. ตอนกลางคืนแค่รู้สึกตัวตื่น พลิกตัว ก็เกิดอาการสะอึกขึ้นมา และมีอาการไอ ไอรุนแรง จนอ้วก เกิดอาการมา1เดือนแล้ว พอจะมีวิธีรักษามั้ยคะ 
";4;I have a hiccup, do not stop every half an hour. At night, just feeling awake, turning and hiccuping, and coughing, severe coughing and puke for 1 month Will there be a cure?
"
นั่งคุยปกติไม่มีอาการอะไรอยู่ๆก็ปวดท้องจื้ดขึ้นมาเลยแล้วท้องก็จะเริ่มแข็งขึ้นแล้วเมือนบวมขึ้นๆแล้วจะลุกขึ้นมานั่งไม่ได้พักนึงและเจ็บเป็นมารอบนี้รอบที่2แล้วอ่ะค่ะ
";5;Normal conversation, no symptoms, abdominal pain, chilling up, then the stomach will start to freeze up and then swell up and sit up to sit and not rest for a while Yes
"
หมอกระดูก ห่วยแตก วินิจฉัยโดยไม่ตรวจอาการคนไข้ 
";1;"The shoddy doctor diagnosed without examining the patient&#39;s condition."
"
คุณหมอมีความน่ารัก เป็นกันเอง พยาบาลใจดี แม้ว่าจะผิดนัด แล้วคิวคุณหมอยาวมาก ก็ยังสามารถให้วอร์คอินเข้าไปได้ ต้องขอบคุณจริงๆค่ะ
";5;The doctor is cute, friendly, kind-hearted nurses, even if defaulted. And the doctor is very long Can still allow the walk-in to enter Thank you really.
"
กาให้บริการและการตรวจรักษาดีมากๆพูดจากับคนไข้ก็ยิ้มแย้ม  ผิดกับโรงพยาบาลรัฐบางแห่ง ตวาดคนไข้ซะไม่อยากไปหาเลย อยู่แถวสามพรานแต่นั่งรถไปหาหมอที่ศิริราชเสียเงินก็ยอมเพราะที่ รพ.ศิริราชบริการคนไข้ดีมากๆ
";5;The service and treatment are very good. Talking to the patient is smiling. Wrong with some public hospitals The patient wished not to go. In the area of Sampran, but sitting in the car to see a doctor at Siriraj, wasting money Siriraj Hospital offers a very good patient service.
"
หนูไปพบหมอจิตแพทย์มาค่ะ หนูเป็นโรคทูเร็ตต์ชนิดรุนแรงต้องใช้ยาบำบัด หนูไปหาหมอที่โรงพยาบาลอื่นมาก่อนแต่ไม่ดีขึ้นทั้งที่ปรับยาไปเยอะมากค่ะ แต่พอมาเจอคุณหมอท่านนี้ หนูรู้สึกว่าหนูสามารถกลับเป็นปกติได้ คุณหมอสอบถามอาการที่เป็นและยาที่เคยใช้ค่ะ แล้วท่านก็วิเคราะห์จากอาการและยาที่เคยใช้ และปรับยาให้ใหม่ค่ะ ซึ่งการปรับยานั้นเป็นที่พอใจสำหรับหนูมากค่ะ ทำให้หนูคิดว่าทำไมไม่มาที่นี่แต่แรก คุณหมอให้ความหวังกับหนูและบอกว่าหนูจะหายเป็นปกติได้ หนูรู้สึกว่ามันต้องหายได้แน่นอน คุณหมอท่านนี้มีอารมณ์ขันมากและเข้าใจวัยรุ่นมากค่ะ หนูคิดว่าถ้าวัยรุ่นที่อยากจะหาหมอจิตแพทย์ก็ควรมาพบกับท่านนี้ดูนะคะ ถึงจะเป็นครั้งแรกที่หนูไปรักษากับท่าน แต่ท่านก็วิเคราะห์ปัญหาและอาการของหนูได้ดีและแม่นยำมากค่ะ
";5;"I went to see a psychiatrist. I am a severe type of Tourette syndrome. I went to the doctor at another hospital before, but it wasn&#39;t good either. But when he met this doctor I feel that I can return to normal. The doctor asked for the symptoms and the drugs that were used. And he analyzed the symptoms and drugs that were used And adjust the medicine again The adjustment of the medicine is very satisfactory for me. Makes me think why not come here first The doctor gave hope to me and said that I can recover. I definitely feel that it has to be healed. This doctor has a lot of humor and a lot of understanding of teenagers. I think that if a teenager who wants to find a doctor, a psychiatrist should come and see you. Even though it was the first time I went to treat you. But he analyzed the problems and symptoms of the mouse well and very accurately"
"
ประทับใจการรักษาและดูแลคนไข้ของศิริราชมาก ทีมแพทย์และพยาบาล มืออาชีพ ทุกคนน่ารัก เอ็นดูลูกสาวของดิฉัน ให้ความเอาใจใส่เป็นอย่างดี  ขอบคุณที่นี้จากใจจริงๆค่ะ เราจะไม่ลืมเลย
";5;"Impressed with the treatment and care of Siriraj&#39;s patients The team of doctors and professional nurses are all cute, loving my daughter. Give good attention Thank you here from my heart. We will never forget."
"
เนื่องจากไม่เคยไปรับการรักษา ไปครั้งแรก เพราะหมอที่ดูแลอยู่แนะนำไป ก็เลย แบบไม่รู้เรื่อง แต่เจ้าหน้าที่ที่ดูแล ให้การบริการดีมากๆๆๆค่ะ เข้า ชัดเจนทุกขั้นตอน ไม่หงุดหงิดใส่ ดูแลคนไข้ตามลำดับอาการป่วย ตอบข้อสักถามดีมาก ทั้ง ๆ ที่คนก็เยอะ คนไม่เข้าใจก็เยอะ ชอบค่ะ ดีกว่ารพ เอกชนอีก ที่ไม่ค่อยดูแลเราแบบนี้เลย เป็นกำลังใจให้เจ้าหน้าที่ทุกคนเลยนะค่ะ สู้ ๆ
";5;"Because he had never been treated for the first time because the doctor who had taken care of it was recommended. But the staff that oversees Very good service. Clear and clear every step. Don&#39;t fret Take care of patients in order of illness. Answer a lot of questions. Very good. Even though many people do not understand much, I like it better than private hospitals that do not care for us like this. It is an encouragement for all staff to fight."
"
ตั้งแต่เจ้าหน้าที่ รวมไปถึงพยาบาลและหมอ ให้บริการดีมากไม่มีอาการหงุดหงิดหรือแสดงสีหน้าไม่ดีกับคนไข้เลย รักษาดี ช่วยเหลือผู้ป่วยที่ยังช่วยเหลือตัวเองไม่ได้แบบว่าดีเยี่ยมมาก ถ้ามีลูกคนต่อไป จะคลอดที่โรงพยาบาลศิริราชเหมือนเดิม
";5;Since the officer Including nurses and doctors Very good service, no symptoms, irritability or poor facial expressions to patients, so good treatment, helping patients who are still helping themselves are not as good. If there is a child next Will be born at Siriraj Hospital
"
ได้ไปส่องก้ลองตรวจลำไส้ หมอให้ดูภาพภายในำไส้ แย้วทึ่งมาก ประทับใจ คุณหมอแจงรายละเอียดชัดเจน ภายในเป็นแผล หมอซ่อมแซมให้เรียบร้อย
";5;Went to see the gut The doctor gave me a picture of the inside of the filling. Very impressed. The doctor clarified the details clearly.
"
หมอเก่ง สามารถหาสาเหตุอาการป่วยของคุณพ่อ และชาวยรักษาได้ดีด้วย
";5;The doctor is able to find the cause of the illness of his father. And well treated
"
พยาบาลใจดี
";4;Generous nurse
"
เคยเป็นต่อมน้ำเหลืองอักเสบและภูมิแพ้ แล้วได้รักษาที่ศิริราชของคุณหมอดูแลคนไข้ดีมาก ตรวจหาสาเหตุอย่างละเอียด ตอนเจาะน้ำเหลืองที่คอมาตรวจ มือเบามาก แล้วก็นัดทุกสัปดาห์เพื่อติดตามอาการให้ยาติดต่อกันจนทำให้อาการดีขึ้นค่ะ
";5;Used to be inflamed lymph nodes and allergies And he was treated at Siriraj by the doctor who took good care of the patient Check the cause thoroughly When piercing the lymph on the neck, checking hands very lightly, then make an appointment every week to follow up with the medication until the symptoms improve.
"
เจ้าหน้าที่ตอบทุกคำถามแม้ผู้ป่วยจะเยอะแค่ใหน
";5;The staff answered all the questions, even if the patient is just a lot.
"
ต้องช่วยตัวเองทุกอย่าง ตั้งแต่เดินเอกสาร จนถึง จองห้องพักก็ต้องทำเอง เข้าใจว่าเป็น รพ รัฐ แต่ก็น่าจะมีการจัดการที่เป็นระบบมากกว่านี้
";3;Must help himself everything From the document until booking the room, it must be done manually. Understand that it is a state hospital, but there should be more systematic management.
"
พยาบาลดูแลดีมากทั้งการพูดการจาไม่แบ่งชนชั้น
";5;The nurses are very good in both speaking and not sharing classes.
"
ประสบการคือ วันนั้นเป็นวันที่23ตุลาคม ชึ่งวันนั้นเราปวดท้องคลอดลูกมาก ก้อเอาเราไปนอนรอที่เตียงเข้าน้ำเกลือ ฉีดยาเร็งคลอด ทิ้งเรานอนไว้ที่เตียง แล้วพยาบาลไปนั่งเล่นมือถือ พอได้1ชั่งโมงผ่านไปเราเลยเรียก พยาบาลคะหนูอยากเบ่งคลอดค่ะ ก็ไม่สนใจ เล่นมือถือต่อ พออีก5นาทีต่อมา เราเลยตะโตนบอกหมอว่า ไม่ไหวแล้วค่ะ จะคลอดแล้ว จนกระทั่งลูกหลุดออกมาทั้งตัว หมอพยาบาลค่อยวิ่งมา....รับลูกเราที่คลอด ...ไม่อยากให้เกิดขึ้นอีกนะคะ อยากให้สนใจคนไข้มากกว่านี้
";3;"Experience is that day is October 23 That day we had a lot of stomach pain. Let me go to bed and wait for the salt water. Injection of childbirth Left us lying in bed Then the nurse went to the mobile living When 1 hour passed, we called Nurse, I would like to give birth, not interested in playing mobile phones. 5 minutes later We, Tata, told the doctor that Can&#39;t get it, then will give birth until the baby comes out. The nurse is running ... Get the baby that is born. ... don&#39;t want to happen again Would like to pay more attention to patients"
"
จำนวนแพทย์ไม่เพียงพอ รอนานมาก พอได้พบแพทย์พูดจาฮ่วนๆ หน้าตาไร้อารมณ์ในการให้บริหาร คิดบวกคือแกคงเหนื่อย
";3;The number of doctors is not enough. Waiting for a long time. Face without emotion in the administration Positive thinking is that you are tired.
"
คุณหมอเก่งมาก ใส่ใจรายละเอียด แต่ที่เข้ารักษาเป็นคลีนิคพิเศษ ทำงานใกล้เคียงกับเอกชน
";5;The doctor is very good. Pay attention to details But that is treated as a special clinic Work close to private
"
ผมเริ่มการรักษาที่โรงพยาบาลแห่งนี้มา 6 ปี ต่อเนื่อง เนื่องจากเป็นโรคไวรัสตับเอ็กเสบบี การเข้ารักษาในครั้งแรกก็ดูจะยุ่งยาก และใช้เวลาอย่างมาก เนื่องจากเป็นคนไข้ใหม่ แต่หลังจากนั้นเมื่อมีใบนัดครั้งต่อไปแล้ว ก็ไม่นานเท่าไหร่  มีคลีนิคนอกเวลาสำหรับนัดคุณหมอประจำที่ตรวจ  ถ้าไม่สะดวกมาในเวลาทำการด้วย รักษาดูอาการอยู่หลายปี  ค่าไวรัส ค่าตับอักเสบก็ลดลง แต่ก็มีภาวะตับแข็ง เนื่องจากใช้ชีวิตก่อนรักษาไม่ดูแลตัวเองประมาท เสี่ยง  คุณหมอดูแลดีมาก คอยหมั่นให้อัลตร้าซาวล์ดูเนื้อตับ จนกุมภาพันธ์ปี 2516 ก็พบว่ามีก้อนที่เนื้อตับ ทำ MRI หมอวินิจฉัยว่าเป็นมะเร็ง ผมเคยถามหมอว่าถ้าเป็นมะเร็งแล้วไง  ผมก็ต้องตายไม่ใช่เหรอ หมอบอกรักษาได้ถ้ารู้เร็วตัดออกได้  คุณหมอที่ดูแลเรื่องตับส่งผมไปหาหมอผ่าตัด  โดยรีบนัด หมอผ่าตัดวินิจฉัย แล้วอธิบายวิธีรักษาให้ผมอย่างละเอียด โดยส่งต่อให้หมอรังสีเริ่มทำในขั้นตอนแรก คือให้คีโมที่ก้อนเนื้อ เพื่อยับยั้งการจะเจริญเติบโตของมัน ทางแพทย์รังสีดูจาก MRI ของผม สนใจในตัวก้อนเนื้อ เพราะมันดูไม่เหมือนเซลมะเร็ง เลยขอตัดก้อนเนื้อนั้นไปตรวจ ประกฎว่าใช่แหละ แต่ำม่ใช่มะเร็งที่เกิดจากเนื้อตับ  แต่เป็นมะเร็งท่อน้ำดีในตับ การทำงานขั้นต่อมาแพทย์รังสี นัดผมมาอุดหลอดเลือดดำที่ตับข้างขวาที่มีก้อนเนื้อ เผื่อให้มันฝ่อ หลังจากนั้นผมบำรุงด้วยโปรตีนเยอะมาก เพื่อให้ตับโตขึ้นในข้างที่ไม่มีก้อนเนื้อ  เผื่อพร้อมสำหรับผ่าตัด หลังจากหนึ่งเดือนผ่านไป คุณหมอศัลย์มาเช็คขนาดตับผม มันก็โตขึ้นพอสมควร คุณหมอก็นัดผ่าตัด ก่อนการผ่าตัดผมกลัวมาก แต่หลังจากเข้ารับการผ่าตัด เหมือนไม่มีอะไรเกิดขึ้น คุณหมอตัดตับผมไป 60% ตามคำบอกของคุณหมอ  แต่ผมก็ไม่ได้มีอาการอะไรยังสามารถใช้ชีวิตอยู่ได้ดี  แต่ต้องมาติดตามอาการเป็นระยะๆ ต่อมาอีก 4 เดือน พบว่ามะเร็งได้กระจายมาที่ต่อมน้ำเหลืองในช่องท้อง จากการตรวจติดตาม ทางหมอศัลย์บอกว่าต้องให้คีโม เลยส่งตัวไปหาหมอเคมียำบัด หมอเคมีบำบัดอธิบายขั้นตอนและวิธีการรักษา ในขั้นนี้เราจะรักษาไม่หายนะครับ  เป็นเป็นการทำให้อาการสงบ เซลล์มะเร็งไม่รุกราม ไม่เติบโต ตอนนี้ผมให้คีโมต่อเนื่องกันมา 4 ครั้ง โดยให้ติดกัน 2 อาทิตย์ เว้น 1 อาทิตย์ แล้วก็ติดกันอีก 2 อาทิตย์ รวมทั้งหมด 12 ครั้ง  เท่ากับ 6 เข็ม คุณหมอบอกว่าการที่ให้ 2 อาทิตย์เท่ากับ 1 เข็ม มันจะช่วยไม่ให้หนักเกินไปสำหรับผม เพราะตัวยามันแรง ผ่านไป 4 ครั้งโชคดีที่ผมไม่มีอาการแพ้ ไม่อาเจียน ทานได้ มีมึนๆนิดหน่อย โดยรวมโอเค  ไม่เคยท้อ เชื่อมั่นในแพทย์ที่รักษา และการให้คำแนะนำ พยาบาลเอาใจใส่ดีทุกครั้งที่มานอนโรงพยาบาล ถามตอบในทุกข้อสงสัย  ผมจะขอผลเลือดมาดูค่าตับ ค่ามะเร็ง ค่าไต ค่าเลือดต่าง โดยให้พยาบาลอธิบายให้ฟัง เนื่องจากต้องการดูสภาพร่างกายโดยตลอด  ขอบคุณคุณหมอและพยาบาลที่นี่ที่ทำให้ผมมั่นใจในการรักษา ไม่ท้อ
";5;"I started treatment at this hospital for 6 consecutive years because of the hepatitis B virus. The first treatment is difficult. And spent a lot of time Because it is a new patient But after that, when the next appointment has been made Not how long There is a part-time clinic for appointment. If it is inconvenient to come in during office hours Maintain the symptoms for many years. Viruses, hepatitis values are reduced. But with cirrhosis Because living before treatment, do not take care of yourself, underestimate the risk. Keep the ultrasound to see the liver meat. Until February 1973, it was found that there was a lump of liver meat made MRI. The doctor diagnosed with cancer. I used to ask the doctor if I had cancer. Did I die? The doctor can tell if he can know quickly. The doctor who takes care of the liver sends me to see a surgeon by hiring a doctor to diagnose surgery And explain how to treat me thoroughly By forwarding it to Dr. Radiation to do the first step Is to give chemo to the lump To inhibit the growth of it The radiological view of my MRI is interested in the lump. Because it doesn&#39;t look like cancer cells So ask to cut that lump. Rules that yes But not cancer caused by liver meat But is a bile duct cancer in the liver Subsequent work, radiologist Appointed me to fill the vein in the right liver with a lump. Allow it to scare After that, I nourished with a lot of protein. In order for the liver to grow in the side that does not have a lump For ready for surgery After one month passed Doctor Salma check my liver size It grew up reasonably. The doctor made an appointment. Before surgery, I was very scared. But after surgery It&#39;s seem nothing heppen The doctor cut my liver 60%, according to the doctor&#39;s statement. But I do not have any symptoms, can still live well But had to follow up the symptoms periodically. After 4 months, the cancer had spread to the lymph nodes in the abdomen. From monitoring The doctor said that he had to give chemo. So sent to the chemist. Chemotherapy doctors describe procedures and methods of treatment. At this stage, we will not be devastated. As a cause of calm Non-aggressive cancer cells do not grow. Now, I keep chemo for 4 consecutive times with 2 consecutive weeks, except for 1 week, and then stick together for 2 weeks, a total of 12 times, equal to 6 needles. Doctor says that giving 2 The sun is 1 needle. It won&#39;t help too much for me. Because the drug has passed 4 times, fortunately I have no allergies, not vomiting, eat a little numb. And advice Good care nurses every time coming to the hospital Question and answer in every question I will ask for blood results to look at the liver values, cancer values, kidney values, blood values, by allowing the nurse to explain them. Because they want to see their physical condition forever Thank you to the doctors and nurses here that make me confident in not being discouraged."
"
คือ ผ่าคลอดคุณหมอคุณพยาบาล ดูแลดีมากค่ะ
";4;Is the dissection of the doctor, Dr. Niran is very well taken care of
"
ไปหาหมอเนื่องจากฮอร์โมนไม่ปกติ ตอนแรกคิดว่าศิริราชจะต้องรอนานมากๆเนื่องจากใช้สิทธิ์บัตรทองแต่ปรากฎคือเดี๋ยวนี้โรงพยาบาลพัฒนาระบบดีมากๆ รอไม่ถึงชั่วโมงได้พบคุณหมอและรับยาภายในสามสิบนาทีหลังตรวจเสร็จ คุณหมอเก่งและให้คำแนะนำอย่างดี พยาบาลและเจ้าหน้าที่ให้การบริการและความช่วยเหลืออย่างเป็นระบบ ดีมากๆค่า ตอนแรกคิดว่าไปรักษาบัตรทองจะต้องรอทั้งวันและเจอบริการไม่ดี ศิริราชสมัยนี้ลบล้างความเชื่อเก่าๆได้อย่างหมดจรดค่ะ
";5;Go to the doctor because of abnormal hormones At first I thought that Siriraj had to wait a long time because of the gold card rights, but it appears that now the hospital has developed a very good system. Wait for less than an hour to see a doctor and receive the medicine within thirty minutes after the examination is completed. Dr. Weng and give good advice Nurses and staff provide a very systematic and helpful service and assistance. At first, thinking of going to the gold card to wait for the whole day and encounter bad service. Siriraj nowadays has completely erased old beliefs.
"
โรงพยาบาลที่มีคนไข้มากที่สุด แต่กลับปฏิบัติกับคนไข้ทุกคนอย่างดีที่สุด ถึงแม้คนไข้จะเยอะแค่ไหน พยาบาลและคุณหมอก้อไม่เคยละเลยคนไข้ และปฏิบัติกับทุกคนในมาตรฐานเดียวกัน ตรวจละเอียดเหมือนกัน สอบถามประวัติเหมือนกัน ไม่เคยผ่านเลยจุดใดจุดหนึ่งไป ใส่ใจในทุกรายละเอียด ศรัทธาแพทย์ พยาบาล และพนักงานทั้งหมดในโรงพยาบาลนี้ค่ะ
";5;The hospital with the most patients But best practice to all patients Even if the patient is how much Nurses and Dr. Kor never neglected patients. And treat everyone in the same standard Check the same Ask the history as well. Never passed any point Pay attention to every detail, faith, doctors, nurses and all staff in this hospital.
"
เจ้าหน้าที่ประกันสังคมบริการดีมาก น่ารักใจดี พยาบาลสวย ใจดีทุกคน ห้องแอร์ก็เย็น คิดว่านอนโรงแรม555 ส่วนตัวผมชอบมาก บริการทุกระดับประทับใจต้องศิริราช รอตรวจรอผลเลือด สรุปเป็น ลำไส้อักเสบ นอนไปครึ่งวันกลับบ้านได้
";5;Social security staff, service is very good, lovely, kind, amiable, pretty, kind, everyone. Aircon room is cool. Think of sleeping hotel 555 Personally, I like very much. All levels of service are impressive. Must be Siriraj. Waiting to wait for the blood results to be concluded as an inflammatory bowel, sleeping half a day back home.
"
คุณแม่ ต้องตรวจจากแพทย์หลายท่าน และแต่ละท่านไม่เชื่อมโยงข้อมูลกัน ทำให้ต้องไป รพ ตามนัด หลายครั้งมากครับ
";2;Mothers must check from many doctors. And each of you does not link to each other, causing him to go to the hospital for many times
"
ได้เข้าพบคุณหมอแผนกนรีเวชที่รพ.ศิริราชค่ะ เป็นการตรวจ follow up (ติดตามผล) ในเรื่องของเยื่อบุมดลูกเจริญผิดที่ ท่านเป็นอาจารย์หมอแพทย์หญิงที่น่ารักมากๆเลยค่ะ ท่านยิ้มแย้มเป็นมิตร ซักประวัติเราด้วยความอ่อนโยนต่อผู้ป่วย บอกเราว่าที่เราเป็นโรคนี้ต้องรักษาแบบนี้นะคะ พร้อมทั้งแนะนำว่าต้องปฏิบัติตัวยังไง อาจารย์ท่านอธิบายอย่างละเอียดให้กับเรา ทำให้เรารู้สึกปลอดภัยและอบอุ่นหัวใจมากๆเลยค่ะ และที่สำคัญท่านสอนนักศึกษาแพทย์โดยใช้เคสของเราด้วย ดูท่านอธิบายให้นักศึกษาแพทย์ฟังแล้วท่านทั้งเก่งมากและเมตตาทั้งคนไข้และนักเรียน สัมผัสได้เหมือนกับเจอคนที่ไว้ใจได้มากที่สุด เพราะปกติแล้วการตรวจทางนรีเวชเป็นเรื่องละเอียดอ่อนมากๆ เข้าถึงใจผู้ป่วยอย่างลึกซึ้ง ประทับใจมากๆเลยค่ะ :)
";5;"Met with a gynecological doctor at Siriraj Hospital to check the follow up (follow up) on the lining of the uterus He is a lovely doctor, a female doctor. He is smiling and friendly. Wash our history with gentleness to patients. Tell us that we are suffering from this disease. And suggesting how to act The teacher explained thoroughly to us. Makes us feel very safe and warm heart And more importantly, he teaches medical students using our case Look at him. Explain to medical students that he is both very good and compassionate. Feel the same as seeing the most trusted person. Because gynecological examination is usually very delicate. Reach the patient&#39;s heart deeply Very impressed :)"
"
สะอาด บริการดีค่ะ
";4;Clean, good service
"
ปกติจะเขียนรีวิวเกี่ยวกับเหตุการณ์ที่เกิดขึ้นจริงกับตัวเอง  ที่เลือกโรงพยาบาลศิริราช ทำให้ฉันได้เปลี่ยนชีวิตใหม่  เมื่อก่อนตอนสมัย ปวช ดิฉันเป็นสิว คลีนิกที่ว่าดังไปหมด เมื่อใช้ครีมเค้า รักษากับเค้าก็ดีแต่พอยาหมด ครีมหมดก็เป็นสิวเหมือนเดิม  มีคนแนะนำให้ไปรักษาที่ศิริราช แผนกโรคผิวหนัง นอกเวลา  ครั้งแรกที่ไปก็กลัวๆ กล้าๆๆ แต่เมื่อได้พบกับหมอ หมอแนะนำดีมาก ดิฉันไปรักษาตามหมอ 3 ครั้ง หน้าดีขึ้นมาก มีแต่คนทัก  หลังจากนั้นก็หายไม่ได้ไปหาหมออีกเลย
";5;Usually write a review about the actual incident to myself. Selected Siriraj Hospital Made me change my new life In the past, in the past, I was a acne clinic that was loud. When using the cream Keeping with him is good, but when the medicine runs out The cream is completely acne. Someone recommended to go to Siriraj. Part time dermatology department, the first time he went, was afraid to dare. But when meeting a doctor The doctor recommended very well. I went to the treatment according to the doctor 3 times, much better
"
คนเยอะมากเพราะเป็นรพ.รัฐ ค่ารักษาถ้าจ่ายเองถูกกว่าเอกชนเล็กน้อย ตรงค่าหมอจะแค่100แต่ค่ายาก็จ่ายเต็ม แต่จัดคิวงง มีใบนัดมาในใบมีเวลานัดชัดเจน แต่พอมารอจริง เรียกก่อนเวลา ถ้าไม่รอตลอดก็จะเลยคิวไป แต่พยาบาลบริการดี มีเจ้าหน้าที่ตามจุด แค่ต้องรอยานานบ้าง
";3;"A lot of people because it is a state hospital. Treatment fee if paid by yourself, slightly cheaper than private At the doctor&#39;s fee, only 100, but the medicine fee is fully paid, but the queue is arranged. But when actually waiting Call ahead of time If not waiting all the time, it will go to the queue. But nurses are good service Have staff at the point Just have to wait for a long time."
"
คลีนิคพิเศษ รพ ศิริราช บริการดี จัดระบบ แยกคัดกรองคนไข้ จัดลำดับการเข้าพบแพทย์ได้ดี ทำให้ได้ตรวจเร็ว คนไข้ไม่ต้องรอนานและไม่ตกค้างมาก
";5;Special clinic, Siriraj Hospital, good service, organized patient screening system Well arranged to see a doctor Making it faster Patients do not have to wait long and do not leave much residue.
"
ดีค่ะ
";4;Good
"
บริการเป็นเลิศ. ถือประโยชน์ส่วนตนเป็นที่ 2. ดูแลคนไข้เป็นที่ 1
";5;Service is excellent. Holding self-interest as the 2nd place
"
เคยไปรักษาสิวที่โรงพยาบาลศิริราชค่ะ ประทับใจเพราะคุณหมอให้คำแนะนำเป็นอย่างดี  จ่ายยาพอเหมาะ ถ้าหากไม่หมดก็ไม่ต้องซื้อ ใช้ยาตามหมอสั่งแล้วได้ผล ข้อเสีย นัดครั้งแรกต้องล่วงหน้า 1เดือน มาครั้งแรกทำตัวไม่ถูก พยาบาลไม่ค่อยแนะนำ บางครัังรอคิวนานทั้งๆที่มาตามเวลา
";4;"Used to treat acne at Siriraj Hospital Impressed because the doctor gave advice as well Appropriately dispense If not, don&#39;t buy. Use the medicine according to the doctor&#39;s order and get the result. The first match must be 1 month in advance. Nurses rarely recommend Some time waiting for a long time when coming"
"
เมื่อวัาที่28/12/59 ได้เข้าไปตรวจตามนัดของคลินิคนารีเวช นึกไปนึกมาเราก็มีอาการผมร่วงมาสัก 2 ปีกว่า ไปตรวจกับคลินิคผิวหนังดีกว่า ว่าแล้วก็ขึ้นไปลงทะเบียนได้คิวที่60 ซึ่งเป็นคิวสุดท้ายของ อ.หมอ แต่เราขอลงไปตรวจที่นารีเวชก่อน พยาบาลแจ้งว่าประมาณ 1 ทุ่ม ให้กลับขึ้นมาตรวจน่ะ แต่ 1 ทุ่มเราก้อยังรรวจไม่เสร็จ ผลสุดท้ายทั้งพยาบาลและอ.หมอ ก็นั่งรอตรวจให้ค่ะ
";5;On 28/12/16 Went to check the appointment of the clinic I thought that I had a hair loss for 2 years than I had done with a skin clinic. And then go up and register at queue 60 Which is the last queue of Dr. Mor. The nurse informed me that about 1 pm to go back up to check, but at 1 pm, we still did not finish the survey. Final results for both nurses and doctors Then sit and wait for the check
"
การวินิจฉันโรคของหมอ  เข้าใจว่าหมอเจอคนไข้ที่ป่วยด้วยเป็นโรคมะเร็งและอยู่ในระยะสุดท้ายมาเยอะ  ต้องพูดซ้ำแล้วซ้ำอีกทำให้อาจเบื่อที่จะต้องพูดอ้อมโรคกับคนไข้ระยะสุดท้าย  แต่ด้วยจรรยาบรรณของหมอก็ไม่ควรพูดเพื่อหยุดการรักษาแล้วบอกว่ารักษาไปก็ไม่หาย  ก็ได้ถือว่ารักษาแล้ว  ด้วยน้ำเสียงตะคอกและเสียงน้ารำคาญอย่างนั้นกับคนไข้  ควรจะบอกดีๆหรือไม่ก็แจ้งข่าวกับญาติก็ได้  คนไข้ที่รู้ตัวเองมันก็สิ้นหวังพออยู่แล้ว  มาเจอหมอพูดแบบนี้จะทำให้คนไข้อยู่ต่อด้วยความสิ้นหวัง   คุณชั่งเป็นหมอที่ไร้ความเมตตาเสียจริงๆ  ควรปรับปรุงด้านการใช้วาทะในการพูดกับคนไข้เป็นอย่างมาก
";1;"Winning my doctor&#39;s disease Understood that the doctor had found a patient with cancer and was in the final stage Having to repeat again and again, may be tired of having to talk about the disease to the end-patient But with the doctor&#39;s ethics, he should not speak to stop the treatment and say that treatment is not healed. Was considered to be treated With a shouting tone and an annoying sound like that to the patient Should tell you well or inform the relatives The patient who knew it was hopeless enough. Come to see the doctor, say this to make the patient stay in despair Khun Chung is a really merciless doctor. Should improve the use of words in speaking to patients very much"
"
มานอนโรงพยาบาลศิริราช ห้องพัก ดี แต่ขาดการบริการที่จอดรถ
";3;Came to sleep in Siriraj Hospital, the room was good but lacked parking service
"
เป็น รพ.รัฐบาลที่ให้บริการอย่างดีเยี่ยม พยาบาลยิ้มแย้มแจ่มใส อาจจะต้องไปเช้าเพื่อได้พบหมอ แต่การรอพบแพทย์ก็ไม่นานจนเกินไป
";5;Is a government hospital that provides excellent service Nurse smiling May have to go to the morning to see a doctor But waiting to see a doctor is not too long.
"
ชีวิตมีค่าในบางเวลาไม่อาจรอได้ เวลามารพ.มักจะต้องทำเองบ้างแต่ก็ดีกว่ารอคะ เพราะเวลาของหมอและพยาบาลมีความสำคัญยิ่งในรพ.ใหญ่แล้วถ้วนแต่แลดูวุ่นวายมาก เพราะฉะนั้นอะไรที่เราสามารถช่วยเหลือตัวเองได้ก็ทำได้ ไปจะได้ไม่เป็นภาระแก่บุคคลใครให้เป็นความล่าช้า
";5;"Life is precious, sometimes not able to wait. When coming to the hospital often have to do it myself, but it&#39;s better than waiting. Because the time of the doctor and nurse is of great importance in the hospital, but it looks very chaotic Therefore, anything we can help ourselves can do. Will not be a burden to anyone who is delayed"
"
หมอให้คำปรึกษากระจ่างดีค่ะ เข้าใจง่าย เจ้าหน้าที่ก็ต้อนรับดีค่ะ พูดจาดี
";4;The doctor gave clear advice. Easy to understand. The staff were very welcoming. Good speech.
"
พยาบาลดูแลหลังจากคลอดลูกดีมาก บอกและแนะนำดีมากโดยเฉพาะช่วยเหลือเรื่องการให้นมลูกได้ดีจริงๆ ถ้าไม่ได้พยาบาลคอยแนะนำ คอยสอนในทุกเรื่องที่ผู้เป็นแม่ควรทำ เราก็คงทำอะไรไม่เป็นเลย ต้องขอบคุณพยาบาลทุกท่านจริงๆที่ดูแลเราเป็นอย่างดี
";4;"Nursing care after childbirth is very good Tell and recommend very well, especially help with breastfeeding really well. If not, the nurse is advised. To teach in everything that the mother should do We can&#39;t do anything at all. Thanks to all the nurses who really care for us."
"
จริงๆก็ไม่ได้ไปรับการรักษานะคะ แต่บริจาคเลือดค่ะ พยาบาลและเจ้าหน้าที่น่ารักมากๆ... ตอนบริจาคเลือดเสร็จ แกล้งเป็นลม (ตอนนั้นไปกับเพื่อน จะแกล้งเพื่อนเล่นตรงหน้าลิฟ) เจ้าหน้าที่วิ่งมาจากในห้องบริจาคเลือด มาถามใหญ่เลยว่าเป็นอะไรมั้ย ประทับใจมากเลยค่า
";4;Really did not go to get treatment But donate blood Nurses and staff are very cute ... When donating blood finished, feigning fainting (at that time with friends Will pretend to play in front of Liv Come to ask big questions, what is it? Very impressive.
"
ให้บริการช้า รคิวนานใสก ไปอย่างต่ำเสับเวลาค่อนวัน แยากฝห้ปรับปรุงเรื่องกานบริการ
";2;Service is slow, long queue, clear, low time Pay attention to improve the service
"
หมอเข้าใจลักษณะโรคที่เป็น จ่ายยาตรงโรคกินยา2วันไม่มีอาการ
";4;The doctor understands the nature of the disease that is Direct medication, 2 days taking medication, no symptoms
"
แพทย์ พยาบาล บุคคลากรทุกส่วนงานเป็นมืออาชีพมากๆรู้วิธีรับมือกับภาวะวิกฤตต่างๆ รวมถึง ปัญหาส่วนตัวของคนไข้เอง และญาติของคนไข้
";5;Doctors, nurses, staff, all departments are very professional, know how to deal with various crises, including personal problems of patients themselves. And relatives of patients
"
ตัวเองได้คลอดก่อนกำหนดที่โรงพยาบาลศิริราชซึ่งไม่เคยคิดว่าโรงพยาบาลรัฐบาลจะบริการได้รวดเร็ว และดีอย่างนี้ เพราะเราเป็นเคทฉุกเฉิน อายุครรภ์25week+5 ตอนแรกจะเข้าไปตรวจเรื่องน้ำคล่ำกับตกขาวเยอะ แต่พอถึงโรงพยาบาลระหว่างจะไปยื่นบัตรน้ำคล่ำไหลออกมาเราก็ตกใจทำไรไม่ถูกเลยเดินไปห้องที่มีเจ้าหน้าที่ยืนอยู่และบอกเค้าว่าน้ำคล่ำไหล แค่นั้นเจ้าหน้าที่รีบหารถเข็นมาให้นั่ง แล้วก็มีเจ้าหน้าที่มาซักประวัติ สักพักก็พาขึ้นไปห้องรอคลอดเพื่อตรวจว่าใช่น้ำคล่ำจริงรึเปล่า คุณหมอทำการตรวจไปซักประวัติไปสรุปเป็นน้ำคล่ำจริงๆเลยต้องนอนรอคลอดเลย ระยะเวลาทั้งหมดรวดเร็วมาก ทุกคนเป็นมืออาชีพใส่ใจคนไข้ ยิ่งกว่าโรงพยาเอกชนซะอีก ทำให้รู้สึกประทับใจมากค่ะ
";5;He was born prematurely at Siriraj Hospital, which never thought that the government hospital would be able to service quickly. And good like this Because we are an emergency kate 25week + 5 gestational age At first, he will go to check the water, swell with a lot of vaginal discharge. But when he arrived at the hospital, when he was handed over the card, he was shocked. Just then, the staff rushed to find a wheelchair to sit. Then there are staff to wash history For a while, he took him up to the waiting room to check whether the water was real. The doctor examined the history and concluded that it was really watery. All times are very fast. Everyone is a professional, caring for patients. More than a private hospital Makes me feel very impressed
"
ครั้งนี้ไปพบแพทย์ด้วยอาการประจำเดือนมาไม่ปกติ ก่อนไปก็ปรึกษาคนใกล้ตัวว่าควรไปพบแพทย์ที่ไหนดี มีคนบอกว่าให้ไปศิริราช แว่บแรกคือไม่อยากไป รพ.รัฐรอนานเป็นวันๆแน่ ที่จอดรถก็ไม่สะดวก บัตรคนไข้ก็ยังไม่ได้ทำ แต่ปรากฏว่าไม่ใช่อย่างที่คิดไว้เลยค่ะ เราสามารถเข้าไปสมัครบัตรคนไข้ โดยการลงทะเบียนผ่านเว็บไซต์ของโรงพยาบาลได้ เมื่อได้หมายเลข HN มาแล้ว เราก็โทรไปขอนัดคิวเพื่อพบคุณหมอได้เลย เพื่อนแนะนำให้ไปคลินิกนอกเวลา เสียค่ารักษาแพงขึ้นอีกหน่อย แต่เร็ว ก็เลยโทรไปนัดคุณหมอ ที่นี่ระบบเค้าจะดีมากค่ะเมื่อโทรไปพยาบาลจะนัดเวลาและแจ้งคิวให้เราทราบพร้อมกับบอกให้เรามาก่อนเวลาครึ่งชม. พอถึงวันนัด ก็ไปพบพยาบาลที่หน่วยคัดกรอง ถึงจุดนี้จะต้องชั่งนน.และวัดความดัน ใช้เวลาไม่นานเลย หลังจากนี้ก็ไปนั่งรอตามคิว ซึ่งก็ได้พบแพทย์ตามเวลา(อาจจะก่อนด้วย) การรักษาก็ซักถามละเอียด มีการตรวจอย่างละเอียด ที่สำคัญคุณหมอได้อธิบายทุกอย่างที่คนไข้ถาม ไม่ได้รีบๆตรวจรีบๆทำให้เสร็จ คุณหมอให้อุลตร้าซาวด์ภายใน ให้ตรวจมะเร็งปากมดลูก ขณะที่อ่านผลอุลตร้าซาวด์คุณหมอก็ซักถามประวัติเราไปเรื่อยๆ ผลออกมาก็คือเจอเนื้องอกที่รังไข่ คุณหมอแนะนำให้ผ่า ขั้นตอนหลังจากนี้คือจะต้องส่งเรื่องไปยังคณะกรรมการเพื่อให้คุณหมอหลายๆท่านร่วมกันพิจารณา ว่าเคสของเราสมควรต้องผ่าตัดหรือไม่ ก็จะมีคุณหมอในคณะกรรมการเรียกให้ไปอุลตร้าซาวด์ซ้ำอีกรอบ เนื่องจากการผ่าเอารังไข่ออกจะทำให้ไม่มีฮอร์โมนเพศอีก คุณหมอเลยอยากจะแน่ใจว่าการตัดสินใจจะผ่าตัดเป็นวิธีที่ดีที่สุดสำหรับคนไข้ และพอทุกอย่างเรียบร้อย ก็จะต้องไปตรวจเลือดเช็คสภาพความพร้อมของร่างกายก่อนผ่าตัด ทั้งนี้เพื่อความปลอดภัยที่สุดของคนไข้ การจองห้องก็ไม่ยุ่งยาก พยาบาลจะนัดคิวที่คุณหมอว่างที่จะทำการผ่าตัด แล้วคนไข้ก็สามารถไปจองห้องพิเศษ ซึ่งระบุราคาห้อง ขนาด และแบบของห้องไว้ชัดเจน รวมถึงราคาอาหารด้วย แล้วพยาบาลก็จะแจ้งวิธีเตรัยมตัวก่อนวันมาผ่าตัด การรับประทานอาหารก่อนผ่าตัด โดยรวมๆแล้วการบริการที่ศิริราช ดีน่าประทับใจมากที่สุด พยาบาลก็พูดจาไพเราะ การคำนึงถึงความปลอดภัยก็ดีเยี่ยม ขั้นตอนการบริการก็รวดเร็ว ค่ารักษาก็ไม่แพงเลยเมื่อเทียบกับโรงพยาบาลเอกชน สรุปคือประทับใจที่ศิริราชที่สุดค่ะ
";5;"This time, went to see a doctor with irregular menstruation. Before going to consult the closest person to see a doctor. Someone said that he went to Siriraj. The first is not wanting to go. The state hospital waits for a long time. Parking is not convenient. The patient card has not been done yet. But it appears that it is not as expected We can go to apply for the patient card. By registering through the hospital website When I get the HN number, I call to request an appointment to see the doctor. Friends recommend going to a part-time clinic. The cost of treatment is a little more expensive, but soon I call to make a doctor appointment. Here, the system will be very good. When calling, the nurse will make an appointment and inform us of the queue while telling us before half an hour. At the day of the appointment, he went to see a nurse at the screening unit. At this point, it must be weighed and measured. It doesn&#39;t take long. After this, sit back and wait in the queue. Which was found by the doctor at the time (maybe before) Have a thorough examination Importantly, the doctor explained everything that the patient asked. Did not hurry to check, hurry to finish The doctor gave the ultrasound inside. To check cervical cancer While reading the ultrasound results, the doctor continued to ask our history. The result is a tumor found in the ovary. The doctor advised to dissect The next step is to send the matter to the board for many doctors to consider. Whether our case deserves surgery or not There will be a doctor in the board to call for ultrasound again. Due to the removal of the ovary, there is no sex hormone. The doctor wanted to make sure that the decision to surgery is the best way for patients. And everything is done Will have to go for a blood test, check the readiness of the body before surgery For the most safety of patients Booking is not complicated. The nurse will make an appointment at the doctor&#39;s office to perform the surgery. Then the patient can go to reserve a special room Which clearly specifies the room price, size and style of the room Including food prices Then the nurse will inform the patient before the surgery. Eating before surgery Overall, service at Siriraj Well, the most impressive The nurse talked beautifully. Safety considerations are excellent. The service process is fast. The treatment fee is not expensive compared to private hospitals. The conclusion is the most impressive at Siriraj."
"
ตอนปลายปี คุณแฟนไปคลอดลูกที่โรงพยาบาลศิริราช ซึ่งเด็กแรกเกิดจะค่อนข้างงอแงและตื่นบ่อย แต่ก็สามารถให้พยาบาลเอาไปอย่ในห้องเนอสเซอรี่ได้ตลอดเวลา ไม่มีอิดออด รวมถึงการดูแลต่างๆ ก็ดีทีเดียว
";5;At the end of the year, the girlfriend went to give birth at Siriraj Hospital. Which the newborn child is quite fussing and waking up frequently But able to allow the nurse to take in the nursery room at any time without being reluctant, as well as various care is good
"
คนเยอะ รอนาน ไม่มีที่จอดรถ พยาบาลไม่สนใจผู้ป่วย ส่วนใหญ่หมออายุยังน้อย ไม่มีประสบการณ์เพียงพอ ต้องมีอาจารย์แพทย์คอยแนะนำ
";4;A lot of people wait a long time without parking. Nurses are not interested in patients. Most of the doctors are young. Not enough experience Must have a medical instructor to advise
"
มารับการรักษาตรวจโรคข้ออักเสบรูมาตอยส์ เรียกเข้ามารอพบหน้าห้องแพทย์ให้รอเป็นชั่วโมง (จริงๆ ก็รอได้นะ) แต่ว่าน่าจะมีเก้าอี้ให้คนไข้นั่งรอ เพราะคนไข้ที่เป็นโรคนี้แต่ละคนจะมีอาการปวดข้อกันตลอด ให้มายืนรอนานๆ อย่างนี้ คนไข้กลับบ้านต้องมีอาการกำเริบกันอีกแน่ (เราเป็นต้น)
";3;"Come to receive rheumatoid arthritis treatment Called in and waited in front of the doctor&#39;s room to wait for hours (actually waiting for it), but there should be a chair for the patient to wait Because each patient with this disease will have joint pain throughout To stand and wait for a long time. In this way, the patient returned home to have a relapse again (we, for example)"
"
หมอและพยาบาลห้องคลอดดูแลเอาใจใส่ดีมากค่ะ
";5;Doctor and nurse, delivery room, take care very well
"
หาหมอคลีนิคนอกเวลา   ไปตามนัดหมาย วัดความดัน ได้บัตรคิว ไปนั่งรอหน้าห้องหมอ  แต่สิ่งที่บกพร่องคือ  ไม่รู้ว่าถึงคิวไหน  เรียกแต่ชื่อ ไม่เรียกเลขหมาย และแจ้งว่า ไม่ได้เรียงตามเลข แล้วจะให้บัตรคิวมาเพื่อ?!!
";4;"Find a doctor, clinic, part-time, follow appointments, measure pressure, get a queue card to sit and wait in front of the doctor&#39;s room. But what is defective is Don&#39;t know which queue to call but the name does not call the number and says that it is not sorted by number And will give the queue card for? !!"
"
คุณหมอและพยาบาลเก่งและมีประสบการณ์มากให้ความรู้ตอบคำถามได้ดี ใจเย็น พูดจาเพราะถึงจะมีคนไข้เยอะก็ตาม
";5;The doctor and the nurse are very good and experienced, providing good answers to the questions, calmly speaking, because there are many patients.
"
เราพาคุณป้าที่ป่วยด้วยโรคงูสวัดไปหาคุณหมอด้านภูมิแพ้ที่รักษากันอยู่แล้วแต่ด้วยคิววันนั้นเต็มเราก็ไปตามคำแนะนำของเจ้าหน้าที่เป็นคลีนิคนอกเวลาคิดว่าต้องรอจนคนไข้นัดตรวจเสร็จก่อนถึงจะได้ตรวจแต่กลับเป็นว่าเรายื่นบัตรแล้วบอกอาการนั่งร สัก20นาทีก็ได้ตรวจไม่เสียเวลารอคิวนานบางแผนกต้องรอจนคนไข้นัดตรวจเสร็จแต่เราก็เข้าใจ
";5;We took the shepherd aunt to find an allergy doctor who had already been treated with Q. That day was full, we followed the advice of the staff as a part-time clinic. Have checked, but it is back that we filed the card and told the sitting condition For 20 minutes, I did not have to wait for a long time. Some departments had to wait until the patients had completed the examination but we understood.
"
เป็นระเบียบและไม่ค่อยวุ่นวายเท่าไรถึงคนจะเยอะก็เป็นระเรียบและสะอาดค่ะ
";5;It is orderly and not too busy, so many people are smooth and clean.
"
มีการเปลี่ยนแปลงเรื่องบริการที่ดีขึ้นในบ้างส่วนทำให้ได้รับบริการที่เร็วขึ้นกว่าเดิมแต่ก็มีในส่วนจองการชำระเงินและการจ่ายยายังคงใช่เวลาในการรอนานเหมือนเดิม ส่วนแพทย์ที่รักษาประจำจะให้ข้อมูลและตอบข้อสงสัยที่ดีมาก
";4;There have been some changes in the service, in part, making the service faster than before, but also in the booking, payment and dispensing systems. The doctor who keeps the routine will provide information and answer very good questions.
"
คนมาใช้บริการ รพ.เยอะมาก การให้บริการยังดีเหมือนเดิม
";5;People come to use the hospital a lot. Service is still good as before.
"
ส่วนที่ไปทำการรักษาคือแผนกจิตเวช โดยรวมแล้วระบบของที่นี่ก่อนหน้านี้ค่อนข้างน่าสับสน แต่ระยะหลังศิริราชปรับให้เป็นระเบียบและเข้าใจง่ายขึ้นมาก การนำเทคโนโลยีเข้ามาปรับปรุงเพื่อแก้ไขปัญหาคนแน่นอย่างบันไดเลื่อนและแบ่งพาร์ตโรงพยาบาลให้มีส่วนที่ให้บริการคล้ายเอกชน ทำให้ประทับใจเรื่องของตัวเลือกในการเข้าถึง(ถึงแม้ส่วนนี้จะดูเป็นการให้บริการแบบต่างมาตรฐาน แต่พอทำความเข้าใจได้เมื่อพิจารณาค่าครองชีพและคุณภาพชีวิตอื่นๆของคนไทย)  หน่วยจิตเวชมีการให้บริการดีและเจ้าหน้าที่ทั้งแพทย์และพยาบาลเป็นมิตร การใช้ท่าทาง ภาษากาย และสีหน้าที่ไม่ทำให้ผู้รับบริการรู้สึกอึดอัด  ในส่วนของการรับยา เกิดปัญหาขึ้นค่อนข้างบ่อย การส่งใบยาไปไม่ถึง ลืมส่งใบยา การให้บริการของเจ้าหน้าที่ที่บางครั้งมีการเสียมารยาท  (โดยรวมไม่ต้องการให้คะแนนน้อย เมื่อปัญหาใหญ่คือทางเลือกด้านสาธารณสุขในประเทศไม่ได้มีมากพอ ฉันจึงมองว่า ปัญหาการจัดการของรัฐต่างหากที่ทำให้โรงพยาบาลรัฐที่มีคุณภาพอย่างศิริราชต้องมาแบกรับมากกว่าโรงพยาบาลอื่นๆ)
";4;"The treatment section is the psychiatric department. Overall, the system here before is quite confusing. But after Siriraj adjusted to be more organized and easier to understand Adopting technology to improve the problem of people like escalators and partitioning hospitals to have services that are similar to private ones. Impressed with the accessibility options (although this section looks like a standardized service But understandable when considering the cost of living and other quality of life of Thai people In the case of receiving drugs Problems occur quite often. The delivery of the drug is not to forget the delivery of the drug, the service of the staff, sometimes with bad manners. (Overall, not wanting to give a low rating When the big problem is that there are not enough public health options in the country, I think that the state&#39;s management problems that make quality public hospitals like Siriraj have to bear more than other hospitals)"
"
การบริการถือว่าดีปานกลาง แต่ก็ขึ้นกับแต่ละแผนก แต่การรักษาค่อนข้างมั่นใจว่าดี เนื่องด้วยส่วนใหญ่แพทย์จะมากด้วยประสบการณ์ ที่ไปหาจะเป็นคลีนิคนอกเวลา ซึ่งราคาเมื่อเทียบกับเอกชนแล้วถือว่าโอเคเลยคับ โดยรวมโอเคคับ
";3;Service is considered moderate. But depends on each department But the treatment is quite confident that it is good Because most doctors are more experienced Where to find will be a part-time clinic. Which the price compared to private is considered okay Overall okay
"
ตึกสมเด็จพระศรี10/1บริการดีมากคะถึงจะเป็นห้องสามัญหมอมา7โมงเช้า2เวลาเลยคะหากเคสไหนมีปัญหาเกี่ยวกับโรคแทรกซ้อนในการตั้งครรภ์จะมีหมอเฉพาะทางโรคนั้นๆมาติดตามอาการร่วมวางแผนประชุมอีกที  ยอดเยี่ยมมากคะ
";5;Somdej Phra Si 10/1 Building, service is very good, even though it is an ordinary room, the doctor comes to 7am 2 time. Plan meeting again Very good
"
แพทย์เชี่ยวชาญเฉพาะด้าน พยายาบาลให้การช่วยเหลืออย่างดี
";5;Specialized doctors The medicine gives good help.
"
พยาบาลเอาใจใส่ดี  พูดจาสุภาพ  คุณหมอก็แนะนำการดูแลตัวเองอย่างละเอียด
";5;Well-cared nurse, polite talk, the doctor advised to take care of himself thoroughly.
"
เมื่อวานได้ไปตรวจสุขภาพที่โรงพยบาลศิริราชมาค่ะ อย่างแรกที่ประทับใจมากก็คือ หมอพูดจาแนะนำดีมากค่ะ รวมทั้งพยบาลที่อยู่ในนั้นเวลาถามถึง ห้องน้ำอยู่ใหนค่ะ? หรือ ถามเรื่องอื่นๆ ก็จะตอบมาดีค่ะ บริการดีมากค่ะ
";4;Yesterday I went to the health clinic at Siriraj Hospital. The first thing that is very impressive is The doctor spoke very well. Including those that were in that time to ask Is the bathroom? Or ask other matters Will answer well Very good service
"
ตอนแรกที่ชั้นแรกจะวุ่นวายมากเพราะทุกคนต้องผ่านการคัดกรองที่นี่ แต่พอแยกชั้นไปก็จะเร็วขึ้น ตอนนี้มีบันไดเลื่อนช่วยให้ขึ้นลงสะดวก
";4;At first, the first floor is very busy because everyone has to pass the screening here. But when separating the floor, it will be faster Now there are escalators to help up and down conveniently.
"
ทางรพศิริราชเขาวิเคราะห์สาเหตุของโรค2-3คนเผื่อความแน่ใจดีจร้าถ้าไม่ชัวร์เขาก็ให้ส่องกล้องเผื่อหาสาเหตุที่แน่ชัดมากขึ้น
";5;At Siriraj Hospital, he analyzes the cause of the disease 2-3 people.
"
ความประทับใจคือการรักษาที่มีเครื่องที่ทันสมัยช่วยรักษาให้เราหายจากการเจ็บป่วย
";4;The impression is that treatment with modern machines helps us to heal from illness.
"
การให้บริการมีความรวดเร็ว แต่ขั้นตอนการให้บริการยังไม่ค่อยชัดเจนเท่าไหร่
";4;The service is fast. But the service process is still not very clear.
"
มีระบบการบริหารจัดการดี แพทย์ชำนาญการระดับอาจารย์หมอเยอะ ผู้ป่วยมาก
";4;Have a good management system The doctor is very skilled at the teacher level.
"
1. แพทย์บางท่านถามมากไม่ได้คำตอบที่ได้บางครั้งบอกว่าผมไม่ได้ดูโรคนั้นโรคนี้คืดรักษามานานเป็น 10-20 ปีแล้วถามแค่นี้ก็ไม่ได้ 2.ใบนัคตรวจครั้งต่อไปไม่ค่อยชัดเป็นใบบาง ๆ น่าจะทำให้ดีกว่านี้ 3.ระบบรอใบนัด ระบบซื้อยา และชำระเงินบางครั้งช้ามาก น่าจะเป็นไปจ่ายเงินตรงไหนของโรงพยาบาลน่าจะดีกว่า
";3;"1. Some doctors asked a lot, didn&#39;t get the answer, sometimes said that I didn&#39;t see the disease. 2. The next examination is not clear, the leaves are thin, should be better. 3. System to wait for the appointment, the system to buy medicine and pay some time is very slow. Probably going to pay where the hospital should be."
"
คนไข้จำนวนมาก อาจต้องรอนานหน่อย แต่การรักษาเป็นมาตรฐาน
";4;Many patients May have to wait a little longer But treatment is standard
"
ไว้ใจ วางใจ เชื่อใจ
";4;Trust, trust, trust
"
ไปรักษามาก็หลายที่แต่รู้สึกดีกับที่ศิริราชถึงแม้จะรอนานแต่ก็โอเคสำหรับการซักถามและรักษา ยาที่ให้ก็ดูจะใส่ใจว่าควรกินแบบไหน ไม่ใช่มีอะไรก็ให้มา ถึงแม้จะเป็นโรงพยาบาลรัฐที่มีคนมาใช้บริการเยอะแต่บุคลลากรก็มีมากพอที่จะให้บริการ
";5;Went to heal many places but felt good at Siriraj even though he had waited a long time but was okay for questioning and treatment The medicine that you see will pay attention to what kind of food you should eat. Not having anything to give Even though it is a public hospital that has a lot of people, but there are enough to serve.
"
ดิฉันพาลูกไปหาหมอที่ร.พศิริราชมาค่ะไปทุกเดือนเรยเพราะต้องพาน้องไปฉีดวัคซีนค่ะพอดีดิฉันเข้าโครงการแม่วัยรุ่นค่ะโครงการนี้ดีมากเรยค่ะมีค่าเดินทางให้วัคซีนก้อฉีดฟรีพยาบาลประจำโครงการก้อบริการดีพูดจาไพเราะนักศึกษาพยาบาลก่อเฟรนลี่กะเด็กดีค่ะดิฉันคลอดลูกที่นี่ค่ะแล้วก้อมีพี่คนนึงมาชวนเข้าโครงการนี้ค่ะการบริการโดยรวมคือดีมากๆโดยเฉพาะโครงการของ ร.พ ค่ะ
";4;I brought my children to the doctor at Siriraj Hospital every month. Because I had to take my child to vaccinate. I fit into the teen mother project. This project is very good. KOR project, good service, good talk, nursing students, good French children, I gave birth here and I have one brother to invite to this project. Overall service is very good, especially the structure. Ror Por.
"
มีโอกาสเป็นคนไข้ของโรงพยาบาลศิริราชซึ่งเราก็ทราบกันดีว่าเป็นโรงพยาบาลรัฐบาลที่ต้องรองรับคนไข้จำนวนมาก แต่พอได้เข้าเป็นคนไข้กรณีกระทันหัน ทำให้ได้ทราบว่าคุณหมอและพยาบาลทุกท่านของโรงพยาบาลรัฐนั้นทำงานหนักมากและไม่มีเวลาส่วนตัวจริง ๆ อีกทั้งอาคารและอุปกรณ์ทางการแพทย์ยังมีจำนวนไม่เพียงพอต่อการรักษาคนไข้ที่มีฐานะไม่ดี จึงได้แค่เพียงร่วมบริจาคเงินสมทบมูลนิธิตามกำลังที่จะพอจะช่วยได้ และขอขอบพระคุณคุณหมอและพยาบาล รวมทั้งเจ้าหน้าที่ทุกท่านของโรงพยาบาลที่คอยดูแลในช่วงที่พักรักษาอาการป่วยที่โรงพยาบาลมา ณ ที่นี้ด้วยค่ะ
";5;There is an opportunity to be a patient of Siriraj Hospital, which we know is a government hospital that has to support a large number of patients. But when he became a sudden patient Making it possible to know that all doctors and nurses of the public hospital are working very hard and do not have real time. In addition, the number of buildings and medical equipment is still insufficient to treat poor patients. Therefore only able to donate to the foundation according to the strength that will be able to help And thank you to the doctors and nurses Including all staff of the hospital that is taking care of during the stay.
"
มีแพทย์ผู้เชี่ยวชาญมากมาย ไว้ใจได้ รักษาดี
";5;There are many medical experts trusting and maintaining well.
"
พาคุณยายไปผ่าเข่าค่ะ ทั้งคุณหมอและคุณพยาบาล น่ารักมาก เข้าใจคนแก่ ดูแล และเป็นกันเองมากค่ะ คุณหมอและพยาบาลประจำตึกสลากกินแบ่ง ชั้น5 ประทับสุดๆ
";4;Take Grandma to the knee. Both the doctor and the nurse are very cute, understand the old people, take care and are very friendly. Doctor and Nurse at the Lottery Building, 5th Floor
"
แพทย์กับพยาบาลที่นี่ทำงานดีมากค่ะ ดิฉันไปตรวจตาตั้งแต่เกิดจนตอนนี้อายุ 20 ก็ยังไปอยู่คนไข้ คนป่วยที่รอคิวตรวจเยอะมาก แพทย์คนนึงรับคนไข้ เกือบ 100 คน แต่แพทย์และพยาบาลที่นี่ก็ยังยิ้มแย้มแจ่มใส ตอนรับคนไข้ ให้คำอธิบาย ชี้แจ้งเรื่องต่างๆให้คนป่วยฟัง ถึงแม้บางคร้งดิฉันก็รู้สึกได้ว่าบุคคลเหล่านี้ทำหน้าที่กันเหนื่อยมาก แต่ก็ทำหน้าที่ได้ดี
";5;Doctors and nurses here work very well. I went to check my eyes from birth until now. At the age of 20, I still go to the patient. A lot of patients waiting to check One doctor received nearly 100 patients, but doctors and nurses were still smiling when accepting patients, giving explanations, explaining various matters to the patient. Even though some of them felt that these people were very tired. But doing well
"
หมอทุกคนตั้งใจทำหน้าที่ตัวเองเพื่อคนไข้ ในแต่ละวันหมอที่ รพนี้ตรวจคนไข้เยอะมากตั้งแต่เช้า หมอเก่งและวินิฉัยโรคได้เม้นยำ ไม่เลี้ยงไข้
";5;Every doctor intends to act himself for the patient. Each day the doctor This hospital checks a lot of patients from morning. Dr. Weng and Vinichai, the disease, had a fever.
"
มีคนเยอะมาก หมอทำงานหนักแทบไม่ได้พัก แต่ใช้เวลาตรวจแค่3-5นาทีต่อคน
";3;There are a lot of people. The doctors work hard. But takes only 3-5 minutes to check
"
รักษาดีค่ะ ดูแลเอาใจใส่ ไปแผนกฉุกเฉิน ทุกอย่างดี ยกเว้นพื้นที่ในการรักษา พื้นที่น้อย คนเยอะ
";5;Good treatment. Take care of the emergency department. Everything is good, except for areas that are keeping a lot of people.
"
คุณหมอดีมาก แต่หมอห้องแพทย์เวรไม่ค่อยจะโอเคเท่าไร
";5;"The doctor is very good, but the doctor, the doctor&#39;s room, is not very good."
"
ทีอายุแล้วมีอาการเป็นประจำเดือน20วัน ก็มาหาหมอคือพยาบาลทางตึกนารีเวชก็ให้เข้าไปนั่งรอตรวจ คือเป็นอะไรสมัยโรงบาลรัฐดูแลคนไข้ดีมากขึ้น  แต่ก็ยังนั่งรอนานเหมือนกันแต่ก็เข้าใจค่ะ เพราะวันๆมีแต่คนไข้มากหน้าหลายตา มากคนหลายจังหวัด แต่ก็ขอบคุณคุณหมอกับนางพยาบาลดูแลดีมาก หนี้ค่ะประสบการของเรา
";5;At the age of 20 days Came to see a doctor, a nurse in the building, Nariwet, then went to sit and wait for examination What is the state of the state hospital to better care for patients? But still waiting for a long time, but understand Because the day has only a lot of patients Many people in many provinces But thanked the doctor and the nurse Debt. Our experience
"
การบริการทั่วไปดีตามควร. แพทย์ที่รักษาดูแลเอาใจใส่ดีมาก เพียงแค่คนใช้บริการค่อนข้างมากทำให้ช้าไปบ้าง. ทั่วๆไปโดยรวมดี
";4;General service is good as it should be. The doctor who is very caring Just a lot of people use the service, making it slow. General good overall
"
ได้รับการตรวจและรักษาการติดเชื้อ HVP ที่ปากมดลูก โดยหมอสุธี ท่านได้ทำการรักษา 3 ครั้ง โดยครั้งแรกหลังจากตรวจ Pap Smear จากสูตินารีพบว่าที่ปากมดลูกมีเชื้อผิดปกติ ได้เข้าพบหมอและตรวจอย่างละเอียดพบว่าอยู่ในระยะเป็นรอยโรคก่อนเป็นมะเร็ง cin ซึ่งคุณหมอนัดตรวจทุกเดือนอีกครั้งว่าอยู่ในระดับใด พอนัดตรวจอีกครั้งพบว่าเชื้อลุกลาม หมอนัดส่องกล้องที่ปากมดลูกและตัดชิ้นเนื้อไปตรวจ รอฟังผลประมาณ 2 อาทิตย์ ผลที่ออกมาพบว่าเป็นรอยโรคก่อนเป็นมะเร็ง มีความผิดปกติที่ระดับ cin3 รู้สึกตกใจและกลัวแต่ด้วยความที่เราหาข้อมูลเตรียมมาก่อนและเข้าใจสิ่งที่เป็นเลยลดความกลัวลงได้มาก อีกอย่างคุณหมอสุธีเป็นหมอที่เก่ง เลยไม่กลัว หลังจากที่ทราบผลคุณหมอนัดทำการรักษาโดยใช้วิธีตัดปากมดลูกเป็นรูปกรวย เรียกว่า leep หลัวการรักษาจะมีเลือดออกหลังการผ่าตัดประมาณ 1 สัปดาห์ ภายหลังได้รับการรักษาหมอได้นัดตรวจดูผล พบว่าเป็นปกติดี ตอนนี้มีลูก 3 คนแล้วค่ะ
";5;Received examination and treatment of HVP infection in the cervix by Dr. Suthee. He had performed 3 times. The first time after Pap Smear from obstetrics was found that the cervix had abnormal infection. Having visited the doctor and examined thoroughly, found that he was in the stage of being a pre-cancerous lesion. Cin, which the doctor arranged to check every month again, was at what level Once the appointment is confirmed again, the infection is found. The doctor arranged for the endoscopy of the cervix and cut the flesh to check. Waiting to hear the results for about 2 weeks. The results showed that the disease was pre-cancerous. There are cin3 disorders that are shocked and scared, but with the information we have prepared before and understand the things that are so much reduced. In addition, Dr. Suthee is a good doctor who is not afraid after knowing the results. The doctor made the treatment using a cone-shaped cervical cutting method called leep. The treatment will bleed after surgery for about 1 week after receiving treatment. The doctor has made an appointment to check the results. Found that it is normal, now has 3 children
"
ใช้บริการคลินิกนอกเวลา ค่ะ  จนท.ดูแลดีค่ะ  ถึงผู้ใช้บริการเยอะแต่ไม่มีหงุดหงิดค่ะ โดยเฉพาะพยาบาลและแพทย์ค่ะ
";4;Use the clinic outside the time. Until the care is good. To many users, but not frustrated Especially nurses and doctors
"
หมอใส่ใจ ตรวจละเอียด เมื่อพบข้อสงสัยก็ส่งไปเฉพาะทาง
";5;The doctor carefully examined when found a question and sent it to a specific location.
"
เข้ารับการรักษาโดยไม่ได้มีใบนัด พยาบาลยิ้มแย้มต้อนรับอย่างดี ชั่งน้ำหนัก วัดความดันเสร็จก็แจ้งว่าต้องทำอย่างไร ระหว่างรอคิวก็เข้ามาแจ้งเป็นระยะ หลังรับการรักษาอธิบายขั้นตอนการดูแลตัวเองอย่างดี คุณหมอแนะนำและเปิดโอกาสให้ซักถามได้อย่างชัดเจน
";5;Admitted without a prescription The nurse smiled and welcomed well, weighed, finished the pressure, informed me what to do. While waiting for the queue to come in and report it periodically After receiving treatment, explain how to take good care of yourself. The doctor recommended and gave the opportunity to ask questions clearly.
"
ดิฉันชื่อ ศตพร ละเต็บซัน ดิฉันโชคร้ายเป็นโรครูมะตอย สามปีกว่าจะรู้ตัวว่าเป็น ไปรักษาตามโรงพยาบาลต่างๆก็รักษาไม่หาย ไปหาซื้อยากินเองตามยถากรรม จนได้ย้ายมาทำงานแถวบางบอนเลยได้ประกันสังคมที่โรงพยาบาลบางประกอก8 จึงได้มารักษาตัวที่นี้ แต่เนื่องจากช่วงก่อนหน้านี้ได้ซื้อยามากินเอง ซึ่งมีส่วนผสมของสเตรอยทำให้ตัวดิฉันบวมน้ำหนักจาก 52 จนถึงตอนนี้ 93.3แล้ว ดิฉันเครียดมากไม่รู้จะทำยังไง รักษาที่โรงพยาบาลนี้ก็ไม่หาย ตัวก็บวม หมอก็บอกแค่ว่าให้เลือกเอาจะเจ็บ หรือ จะสวย มีแค่นี้ทางเลือกสำหรับดิฉันจนสุดท้ายบางปะกอก8ทำเรื่องส่งตัวดิฉันไปรักษาที่บางปะกอก 9บอกแค่ว่าเขาชำนาญเรื่องโรคนี้กว่า แต่ดิฉันไปรักษาซักระยะก็ไม่มีอะไรดีขึ้น หลายคนแนะนำให้ไปที่ศิริราช สุดท้ายดิฉันได้พบหมอเฉพาะทาง กว่าจะได้พบต้องทำใบจองหนึ่งเดือนเต็มๆ พอได้พบหมอ หมอมองหน้าดิฉัน บอกว่าดิฉันปล่อยตัวเองจะต้องเข้าครอสลดน้ำหนักด่วน ส่วนโรคที่เป็นยาที่รักษาหมอบอกเลยว่าแพงมาก ยาตกเม็ดละ 100บาทวันหนึ่งคุณต้องกินหลายเม็ด คุณไหวเหรอ? คุณกลับไปรักษาที่เดิมดีกว่าแต่ถ้าเขารักษาไม่ได้คุณให้เขาส่งเรื่องมาที่นี้ มาหาหมอหมอจะรักษาคุณเอง นี้คือสิ่งที่ดิฉันประทับใจแนะนำตรงๆ เพื่อให้คนไข้มีทางเลือกค่ะ
";3;"My name is Sataporn Lep San. I am unlucky to be asphalt. Three years to realize that Went to the hospitals Go to buy haphazard self-medication Until he moved to work in Bangbon area, got social security at Bangpakok Hospital 8 Therefore heal himself here But since the previous period had bought medicine to eat Which has a mixture of stains, causing me to swell the weight from 52 until now. 93.3 then I am very stressed, do not know what to do The treatment at this hospital was not cured and swollen. The doctor just told me to choose to be hurt or be beautiful. There is only this option for me until the last Bangpakok 8 made the matter. Send me to go to Bang Pakok. 9 Just say that he is more adept at this disease. But I went to keep the distance. There was nothing better. Many people recommend going to Siriraj. Finally, I met a specialized doctor. I had to find a preemption for one full month. When I saw the doctor, the doctor looked at my face. Told me that I would release myself to enter the cross weight loss express As for the treatment of the disease, the doctor said that it is very expensive. The drug drops 100 baht per day. One day, you have to eat many pills. You better go back to the same place, but if he can&#39;t heal you, send him here. Come to the doctor, the doctor will treat you yourself This is what I am impressed. Direct advice. So that patients have an alternative"
"
แพทย์ให้การรักษาดี พูดจาดี ถึงจะรอคิวนานแต่ก็ให้บริการดี ประทับใจหมอเก่ง
";5;The doctor gave good treatment and spoke well to wait for a long time but it was good. Impressed the doctor
"
ไปแล้วประทับใจกับการต้อนรับและให้คำแนะนำดีค่ะ(คุณหมอก็ใจดี)
";5;Already impressed with the hospitality and good advice (the doctor was kind)
"
พาคนที่รักมารักษาเบาหวาน เส้นเลือดสมองตีบ ที่โรงพยาบาลศิริราช อยู่ตึก 72 ปี หมอพยาบาลน่ารักทุกคนเลย ขอขอบคุณทุกคนที่ช่วยดูแลยามที่เราป่วย ช่วยกันค้นหาสาเหตุ วันนี้เราจะได้พาคนที่เรารักกลับบ้านพร้อมกับสุขภาพที่ดีเกือบร้อยเปอร์เซนต์ เค้าสัญญาว่าจะดูแลสุขภาพ เพราะชีวิตเค้าต้องทำงานเพื่อแผ่นดิน และดูแลลูก ๆ ขอบคุณโรงพยาบาลศิริราช หมอ และพยาบาลทุกคน ตลอดจนเจ้าหน้าที่ที่ช่วยดูแลมา 5 วัน
";5;Bring loved ones to treat diabetes. Stenosis At Siriraj Hospital, the building is 72 years old. The nurses are cute. Thank you to everyone who took care of us when we were sick. Help find the cause Today we will take the loved ones back home with almost 100 percent of good health. He promised to take care of health. Because his life had to work for the land and take care of his children, thanks to Siriraj Hospital, all doctors and nurses As well as the staff who help with care for 5 days
"
คุณหมอใจเย็นมากคะ. น้องพยาบาลก้อน่ารักดี
";5;The doctor is very calm. The nurse is pretty cute.
"
ลูกชายรักษาภูมิแพ้ที่นี่ทุกครั้งคุณหมอทุกท่านจะดูประวัติน้องตั้งแต่เกิดจนถึงล่าสุดทุกคนดูการรักษาของทุกแผนกที่น้องไปให้คำแนะนำให้กำลังใจและดูกำลังทรัพย์ด้วย แต่ ร.พ.ตามสิทธิแย่
";5;Son treats allergies here every time. Every doctor will look at the history of the child from birth to the last. Everybody looks at the treatment of every department that the younger brother gives advice, encouragement and watch the strength as well.
"
คนไข้มากๆ แต่พยาบาลและบุคลากรทุกคนทำงวนหนักแต่ก็มีน้ำใจงามทุกคน. ให้ความกระจ่างและช่วยเหลือทุกด้าน คุณหมอตรวจละเอียดมากแม้จะมีคนไข้มาก
";5;Very patient, but all the nurses and personnel are heavy, but they are very generous. To clarify and help in all aspects The doctor examined very thoroughly, even with a lot of patients.
"
แพทย์มีความน่าเชื่อถือ
";4;The doctor is reliable.
"
บริการได้เยี่ยม ผมคนบ้านนอกติดต่อพนักงานมีความเอื้อเฟื่อนดีพูดจาดี
";5;Great service I am an outsider, contact the staff, have good support, speak well.
"
หมอ พยาบาลน่ารักมาก ดูแล เอาใจใส่ พยายามหาสาเหตุจนพบ มีคุณธรรมในการดูแลผู้ป่วย
";5;Doctor, nurse, very cute, caring, trying to find the cause until found Have morality in caring for patients
"
เริ่มแรกเข้า ER เนื่องจากคุณแม่ล้ม และไข้ขึ้นสูง ได้พักเตียงที่อาคารเฉลิมพระเกียรติ ชั้น 4 ซึ่งเป็นเตียงสามัญ ไม่ได้ให้ญาติเฝ้า น้องๆๆพยาบาลและน้องๆๆ ผช พยาบาลดูแลดีมากค่ะ เป็นการประทับใจในการให้บริการ
";5;Initially entering the ER because Mae Fall And high fever Got a bed at Chalermprakiat Building, 4th floor, which is an ordinary bed Did not allow relatives to watch The nurses and the nurses, the nurses are very good. Is impressive in service
"
ผมได้รับการรักษามะเร็งจนหายดีใช้ชีวิตเหมือนคนปกติครับคุณหมอเก่งจริงๆครับ
";5;I received cancer treatment until he was well spent, living like a normal person.
"
เนื่องจากการรักษาต้องทำการผ่าตัด และฉันเลือกดมยาสลบ รู้สึกกังวลและกลัวมากโดยต้องเข้าพักที่โรงพยาบาลก่อน1วันก่อนหน้านั้นต้องเอ๊กซ์เรย์ปอดกับตรวจเลือดก่อน เข้าไปต้องไปทำขั้นตอนหลายเกินไปรู้สึกไม่ค่อยชอบในเมื่อเรานัดผ่าแล้วควรจะมีจุดรับเรื่องนี้โดยตรงไม่ต้องไปรวมกับคนที่มาตรวจปกติไปตั้งแต่เก้าโมงกว่าจะเสร็จขั้นตอนจนไปถึงห้องพักประมาณเที่ยงหลังจากนั้นก็มีหมอแพทย์หรืออะไรไม่ทราบมาซักถามคนละหนึ่งหรืงสองคำถามก็ไปทั้งวันช่วงบ่ายถึงค่ำ รุ่งขึ้นเป็นวันผ่าตัดให้ตื่นมาเข้าห้องน้ำอาบน้ำเตรียมตัวไปแปดโมงมารับไปห้องรอผ่า ไปถึงก็ซักถามว่ามาผ่าอะไรตรงไหนวัดความดันให้น้ำเกลือเกือบเก้าโมงเข้าห้องผ่าโดนใช้ผ้าล็อคตัวแขนใส่เครื่องวัดอะไรไม่รู้ใส่เครื่องให้ออกซิเจนและฉีดยาเข้าทางสายน้ำเกลือและบอกว่าจะซ่าๆหลังจากนั้นก็ไม่รู้สึกตัวตื่นมาอยู่ในห้องรอผ่าตารู้สึกหนักหรือเคืองพอจับดูมีขี้ผึ้งป้ายเกือบครึ่งชั่วโมงพากับห้องพักดูนาฬิกาบ่ายโมงครึ่ง รู้สึกคอแห้งมีเสมหะกลืนน้ำลายเจ็บมากเหมือนมีอะไรบาดคอวัดความดันตลอดชีพจรและวัดไข้สุดท้ายก็ผ่านมาได้ด้วย
";3;"Because the treatment requires surgery And I chose anesthesia Feeling anxious and frightened by having to stay at the hospital before 1 day before that, must have an X-ray with a blood test first. Going to do too many steps, not feeling like when we make a cut, then there should be a point to receive this directly, not having to go with the regular checkers from 9 o&#39;clock to finish the process until reaching the room approximately. Noon, after that there was a doctor, doctor or anything unknown. Ask one question or two questions. Go all day, afternoon to evening. The next day was the operation day, waking up to the bathroom, showering, preparing for eight o&#39;clock to pick up the waiting room. Arrived and asked if he had done anything, measuring the pressure of the salt water for almost nine o&#39;clock into the room, using the cloth to lock the arms, not knowing what to do, putting oxygen and injecting the salt water line Then did not feel awake in the waiting room, cut his eyes, felt heavy or irritable Feeling parched with phlegm, swallowing a lot of pain, like having a neck injury, measuring pressure throughout the pulse and measuring the final fever too."
"
บริการก็ใช้ได้
";4;Service is available
"
สถานที่คับแคบเมื่อเทียบกับจำนวนคนที่ใช้บริการ แต่บุคคลากรเต็มที่กับการบริการมาก ถึงแม้คนจะเยอะทุกวัน ทุกเวลา แต่คุณหมอ พยาบาล เจ้าหน้าที่ก็พูดจากับคนไข้ดีค่ะ ถึงแม้บางคนจะหงุดหงิดบ้างแต่โดยรวมแล้วน่ารักทุกคนค่ะ
";4;The location is cramped compared to the number of people using the service. But the staffs are full of service Although many people every day, every time, but the doctor, the nurse, the staff spoke well to the patient. Although some people are frustrated, but overall everyone is cute.
